City_ID,City,Country,Date,Lat,Lng,Max Temp,Humidity,Cloudiness,Wind Speed
0,Lebu,CL,2021-07-16 03:19:20,-37.6167,-73.65,49.98,78,83,3.06
1,Geraldton,AU,2021-07-16 03:19:20,-28.7667,114.6,63.12,77,75,8.05
2,Cape Town,ZA,2021-07-16 03:19:20,-33.9258,18.4232,49.12,81,0,5.75
3,Bredasdorp,ZA,2021-07-16 03:19:21,-34.5322,20.0403,38.52,93,0,1.14
4,Taltal,CL,2021-07-16 03:19:21,-25.4,-70.4833,56.05,79,13,1.83
5,Mayo,US,2021-07-16 03:19:21,38.8876,-76.5119,84.36,86,40,4.61
6,Puerto Escondido,MX,2021-07-16 03:19:22,15.85,-97.0667,79.93,81,100,3.31
7,Tottori,JP,2021-07-16 03:16:32,35.5,134.2333,84.2,78,75,6.91
8,Gat,IL,2021-07-16 03:19:22,31.61,34.7642,79.39,86,0,2.53
9,Rikitea,PF,2021-07-16 03:19:23,-23.1203,-134.9692,73.13,73,20,9.46
10,East London,ZA,2021-07-16 03:19:23,-33.0153,27.9116,50.94,37,0,10.36
11,Nome,US,2021-07-16 03:19:23,64.5011,-165.4064,53.17,71,90,17.27
12,Hobart,AU,2021-07-16 03:19:24,-42.8794,147.3294,55.26,85,75,1.01
13,Bluff,NZ,2021-07-16 03:19:24,-46.6,168.3333,55.8,84,14,4.79
14,Saint-Philippe,RE,2021-07-16 03:19:24,-21.3585,55.7679,67.55,86,70,14.83
15,Cabo San Lucas,MX,2021-07-16 03:16:05,22.8909,-109.9124,88.9,53,1,7.0
16,Avarua,CK,2021-07-16 03:19:25,-21.2078,-159.775,78.85,78,75,8.05
17,Vaini,TO,2021-07-16 03:19:25,-21.2,-175.2,75.36,88,75,12.66
18,Punta Arenas,CL,2021-07-16 03:19:25,-53.15,-70.9167,39.31,87,90,10.36
19,Lompoc,US,2021-07-16 03:19:26,34.6391,-120.4579,69.57,84,90,9.22
20,Padang,ID,2021-07-16 03:19:26,-0.9492,100.3543,83.41,54,100,2.28
21,Ushuaia,AR,2021-07-16 03:19:26,-54.8,-68.3,33.46,86,90,20.71
22,Tasiilaq,GL,2021-07-16 03:19:27,65.6145,-37.6368,39.36,81,29,9.78
23,Dikson,RU,2021-07-16 03:19:27,73.5069,80.5464,34.65,96,100,13.15
24,Estevan,CA,2021-07-16 03:19:27,49.1334,-102.9842,75.54,57,20,9.22
25,Georgetown,MY,2021-07-16 03:19:28,5.4112,100.3354,89.53,74,20,2.3
26,Busselton,AU,2021-07-16 03:19:28,-33.65,115.3333,61.05,67,100,10.36
27,Cap Malheureux,MU,2021-07-16 03:19:28,-19.9842,57.6142,72.09,73,37,5.99
28,Vila Velha,BR,2021-07-16 03:19:29,-20.3297,-40.2925,73.35,73,0,8.05
29,Nago,JP,2021-07-16 03:19:29,26.5881,127.9761,90.03,72,100,13.76
30,Angoche,MZ,2021-07-16 03:19:29,-16.2325,39.9086,72.9,70,100,14.25
31,Chokurdakh,RU,2021-07-16 03:19:30,70.6333,147.9167,63.82,33,89,16.71
32,Isangel,VU,2021-07-16 03:19:30,-19.55,169.2667,82.51,74,20,13.8
33,Hilo,US,2021-07-16 03:19:30,19.7297,-155.09,80.33,77,90,8.05
34,Henties Bay,NA,2021-07-16 03:19:31,-22.116,14.2845,60.48,45,0,3.51
35,Roma,US,2021-07-16 03:18:38,43.2128,-75.4557,80.46,82,1,4.61
36,Tiksi,RU,2021-07-16 03:19:31,71.6872,128.8694,52.52,61,100,25.26
37,Saldanha,ZA,2021-07-16 03:19:32,-33.0117,17.9442,50.83,56,0,6.26
38,Albany,US,2021-07-16 03:15:09,42.6001,-73.9662,75.81,90,51,4.23
39,Kupang,ID,2021-07-16 03:19:32,-10.1667,123.5833,86.58,58,40,10.36
40,Naze,JP,2021-07-16 03:19:33,28.3667,129.4833,85.12,68,97,14.36
41,Svetlyy,RU,2021-07-16 03:19:33,54.675,20.1347,68.05,90,96,4.85
42,Aden,YE,2021-07-16 03:18:10,12.7794,45.0367,85.55,74,100,8.41
43,Deputatskiy,RU,2021-07-16 03:19:33,69.3,139.9,61.09,34,5,10.96
44,Yellowknife,CA,2021-07-16 03:16:46,62.456,-114.3525,46.92,100,75,6.91
45,Atuona,PF,2021-07-16 03:19:34,-9.8,-139.0333,78.17,66,16,27.96
46,Vardo,NO,2021-07-16 03:19:34,70.3705,31.1107,53.8,83,100,19.64
47,Rezekne,LV,2021-07-16 03:19:34,56.5,27.3167,71.26,76,100,5.37
48,Te Anau,NZ,2021-07-16 03:19:35,-45.4167,167.7167,54.64,82,30,2.15
49,Rosarito,MX,2021-07-16 03:19:35,32.3333,-117.0333,73.58,77,7,8.52
50,Teya,RU,2021-07-16 03:19:36,60.3778,92.6267,68.13,66,39,9.78
51,Faanui,PF,2021-07-16 03:19:36,-16.4833,-151.75,80.22,73,2,17.98
52,Nikolskoye,RU,2021-07-16 03:19:36,59.7035,30.7861,71.49,89,19,4.18
53,Cherskiy,RU,2021-07-16 03:19:37,68.75,161.3,55.54,43,13,5.08
54,Bambous Virieux,MU,2021-07-16 03:19:37,-20.3428,57.7575,71.85,78,40,14.97
55,Tuktoyaktuk,CA,2021-07-16 03:19:37,69.4541,-133.0374,48.2,71,40,6.91
56,Kuruman,ZA,2021-07-16 03:19:38,-27.4524,23.4325,41.0,61,0,8.75
57,Lana,IT,2021-07-16 03:19:38,46.6124,11.1559,65.52,92,97,4.52
58,Namibe,AO,2021-07-16 03:19:38,-15.1961,12.1522,67.26,69,0,4.32
59,Filadelfia,US,2021-07-16 03:19:03,39.9523,-75.1638,82.65,85,75,8.05
60,Hermanus,ZA,2021-07-16 03:19:39,-34.4187,19.2345,48.9,57,0,4.61
61,Ahuimanu,US,2021-07-16 03:19:39,21.4447,-157.8378,83.91,64,75,9.22
62,Adeje,ES,2021-07-16 03:19:39,28.1227,-16.726,72.21,50,20,8.05
63,Ladovskaya Balka,RU,2021-07-16 03:19:40,45.6297,41.4023,72.93,55,22,2.59
64,San Patricio,US,2021-07-16 03:19:40,28.017,-97.5169,84.09,80,93,14.38
65,Ribeira Grande,PT,2021-07-16 03:19:41,38.5167,-28.7,69.58,87,47,9.1
66,Itoman,JP,2021-07-16 03:19:41,26.1247,127.6694,89.98,60,75,16.11
67,Kruisfontein,ZA,2021-07-16 03:19:42,-34.0033,24.7314,45.5,51,0,4.92
68,Gari,RU,2021-07-16 03:19:42,59.4307,62.3497,61.56,46,6,4.63
69,Lumby,CA,2021-07-16 03:19:42,50.2498,-118.969,84.42,38,4,2.3
70,Prince Rupert,CA,2021-07-16 03:19:43,54.3161,-130.3201,57.29,88,90,11.5
71,Iqaluit,CA,2021-07-16 03:19:43,63.7506,-68.5145,49.73,71,75,3.0
72,Polewali,ID,2021-07-16 03:19:43,-3.4324,119.3435,76.6,94,100,0.34
73,Oum Hadjer,TD,2021-07-16 03:19:44,13.2954,19.6966,80.58,53,100,14.88
74,Lorengau,PG,2021-07-16 03:19:44,-2.0226,147.2712,84.4,77,84,11.86
75,Chicama,PE,2021-07-16 03:19:44,-7.8447,-79.1469,63.14,85,11,6.53
76,Kodiak,US,2021-07-16 03:19:45,57.79,-152.4072,63.09,70,30,1.03
77,Doka,SD,2021-07-16 03:19:45,13.5167,35.7667,73.45,80,100,10.63
78,Kapaa,US,2021-07-16 03:19:46,22.0752,-159.319,84.18,75,75,1.99
79,Mildura,AU,2021-07-16 03:19:46,-34.2,142.15,57.16,62,90,17.27
80,Nenjiang,CN,2021-07-16 03:19:46,49.1833,125.2167,82.54,76,96,9.15
81,Constitucion,CL,2021-07-16 03:19:47,-35.3333,-72.4167,49.64,80,71,6.93
82,Dzheyrakh,RU,2021-07-16 03:19:47,42.8228,44.6756,54.79,62,0,3.67
83,Villa Carlos Paz,AR,2021-07-16 03:19:47,-31.4241,-64.4978,46.38,33,0,4.54
84,Walvis Bay,NA,2021-07-16 03:19:48,-22.9575,14.5053,64.18,22,0,6.38
85,Hailar,CN,2021-07-16 03:19:48,49.2,119.7,80.29,50,59,8.3
86,Caravelas,BR,2021-07-16 03:19:48,-17.7125,-39.2481,68.54,94,0,4.18
87,Mayor Pablo Lagerenza,PY,2021-07-16 03:19:49,-19.9309,-60.7718,59.63,87,100,7.07
88,Rizhao,CN,2021-07-16 03:15:06,35.4275,119.4553,74.57,95,100,14.34
89,Yamada,JP,2021-07-16 03:19:49,39.4667,141.95,80.11,74,13,4.45
90,Arraial Do Cabo,BR,2021-07-16 03:19:50,-22.9661,-42.0278,71.01,85,22,16.02
91,Bernalillo,US,2021-07-16 03:19:50,35.05,-106.6673,81.16,41,40,3.0
92,Camana,PE,2021-07-16 03:19:50,-16.6228,-72.7111,59.95,91,36,7.7
93,Galveston,US,2021-07-16 03:19:51,29.3669,-94.9669,84.31,84,1,3.0
94,Dunedin,NZ,2021-07-16 03:19:51,-45.8742,170.5036,48.79,83,87,10.0
95,Karratha,AU,2021-07-16 03:19:51,-20.7377,116.8463,72.68,28,6,21.39
96,Chernyshevskiy,RU,2021-07-16 03:19:52,63.0128,112.4714,70.65,37,0,1.74
97,Caala,AO,2021-07-16 03:19:52,-12.8525,15.5606,52.41,44,4,2.1
98,Hithadhoo,MV,2021-07-16 03:19:53,-0.6,73.0833,83.75,72,76,13.29
99,Emba,KZ,2021-07-16 03:19:53,48.8264,58.1442,75.31,26,100,1.5
100,Mar Del Plata,AR,2021-07-16 03:19:11,-38.0023,-57.5575,45.12,65,0,4.0
101,Hasaki,JP,2021-07-16 03:19:54,35.7333,140.8333,90.28,78,100,7.81
102,Sitka,US,2021-07-16 03:19:55,57.0531,-135.33,57.09,88,90,0.0
103,New Norfolk,AU,2021-07-16 03:19:55,-42.7826,147.0587,54.9,93,83,4.12
104,Fershampenuaz,RU,2021-07-16 03:19:55,53.5202,59.8117,64.44,65,97,7.07
105,Jamestown,US,2021-07-16 03:18:11,42.097,-79.2353,71.51,96,40,4.0
106,Mataura,NZ,2021-07-16 03:19:56,-46.1927,168.8643,55.47,82,3,3.89
107,Thompson,CA,2021-07-16 03:19:56,55.7435,-97.8558,77.16,65,90,8.05
108,Port Elizabeth,ZA,2021-07-16 03:19:57,-33.918,25.5701,41.29,87,0,3.44
109,Mumford,GH,2021-07-16 03:19:57,5.2618,-0.759,75.69,88,100,9.31
110,Belmonte,BR,2021-07-16 03:19:58,-15.8631,-38.8828,68.5,88,7,3.56
111,Mount Gambier,AU,2021-07-16 03:19:58,-37.8333,140.7667,51.71,93,90,19.57
112,Komsomolskiy,UZ,2021-07-16 03:19:58,40.4272,71.7189,77.72,29,79,6.91
113,Kawalu,ID,2021-07-16 03:19:59,-7.3817,108.2082,78.04,67,49,5.55
114,Kabinda,CD,2021-07-16 03:19:59,-6.1333,24.4833,65.91,35,100,5.91
115,Khatanga,RU,2021-07-16 03:20:00,71.9667,102.5,49.06,90,100,10.0
116,Monrovia,LR,2021-07-16 03:17:04,6.3005,-10.7969,75.13,89,62,5.48
117,Panguna,PG,2021-07-16 03:20:00,-6.3164,155.4848,85.48,52,100,5.46
118,Sinnamary,GF,2021-07-16 03:20:01,5.3833,-52.95,76.03,88,44,6.11
119,Huimilpan,MX,2021-07-16 03:15:24,20.372,-100.2774,59.9,91,100,5.91
120,Ambon,ID,2021-07-16 03:20:01,-3.6954,128.1814,87.94,66,40,6.91
121,Ayan,RU,2021-07-16 03:20:01,56.45,138.1667,58.93,85,100,0.92
122,Castro,BR,2021-07-16 03:20:03,-24.7911,-50.0119,56.84,81,100,3.02
123,Joensuu,FI,2021-07-16 03:20:03,62.6012,29.7632,71.1,83,0,9.22
124,Bouca,CF,2021-07-16 03:20:04,6.5105,18.2733,69.84,88,100,2.89
125,Yoichi,JP,2021-07-16 03:20:04,43.2039,140.7703,90.61,71,23,5.39
126,Saint Anthony,US,2021-07-16 03:15:09,45.0205,-93.218,72.93,64,1,1.01
127,Ostrovnoy,RU,2021-07-16 03:20:05,68.0531,39.5131,56.61,82,100,14.9
128,Myitkyina,MM,2021-07-16 03:20:05,25.3833,97.4,77.67,97,100,0.34
129,Artyom,AZ,2021-07-16 03:20:05,40.4723,50.333,75.34,70,88,7.25
130,Port Alfred,ZA,2021-07-16 03:20:06,-33.5906,26.891,53.29,43,0,6.22
131,Baracoa,CU,2021-07-16 03:20:06,20.3467,-74.4958,78.62,83,47,11.12
132,Rawlins,US,2021-07-16 03:20:07,41.7911,-107.2387,71.82,30,1,14.97
133,Nove Mesto Pod Smrkem,CZ,2021-07-16 03:20:07,50.9249,15.2294,62.94,96,28,2.01
134,Araouane,ML,2021-07-16 03:20:07,18.9048,-3.5265,93.47,29,44,1.52
135,Ribas Do Rio Pardo,BR,2021-07-16 03:20:08,-20.4431,-53.7592,68.25,48,70,2.08
136,Bethel,US,2021-07-16 03:20:08,41.3712,-73.414,77.31,88,45,3.78
137,Saskylakh,RU,2021-07-16 03:20:08,71.9167,114.0833,52.29,77,100,8.59
138,Katsuura,JP,2021-07-16 03:20:09,35.1333,140.3,87.84,74,86,7.83
139,Laguna,US,2021-07-16 03:20:09,38.421,-121.4238,86.5,48,1,5.01
140,Sayville,US,2021-07-16 03:20:10,40.7359,-73.0821,78.98,90,40,1.01
141,Hagere Hiywet,ET,2021-07-16 03:20:10,8.9833,37.85,55.04,95,98,2.1
142,Zyryanka,RU,2021-07-16 03:20:10,65.75,150.85,66.85,48,100,14.5
143,Muros,ES,2021-07-16 03:20:11,42.7762,-9.0603,64.09,73,0,10.2
144,Mokhsogollokh,RU,2021-07-16 03:20:11,61.4681,128.9203,60.49,84,100,7.16
145,Qaanaaq,GL,2021-07-16 03:20:11,77.484,-69.3632,36.41,94,100,12.64
146,Hoquiam,US,2021-07-16 03:15:44,46.9809,-123.8893,65.26,60,90,12.66
147,Coihaique,CL,2021-07-16 03:20:12,-45.5752,-72.0662,39.15,93,90,8.05
148,Aquiraz,BR,2021-07-16 03:20:12,-3.9014,-38.3911,80.69,85,62,10.67
149,Jalu,LY,2021-07-16 03:20:13,29.0331,21.5482,78.69,56,2,9.89
150,Barrow,US,2021-07-16 03:18:11,71.2906,-156.7887,48.22,76,90,13.8
151,Mae Hong Son,TH,2021-07-16 03:20:13,19.3003,97.9685,84.34,74,75,0.0
152,Rio Branco Do Sul,BR,2021-07-16 03:20:14,-25.19,-49.3142,59.34,98,100,2.04
153,Sterling,US,2021-07-16 03:20:14,39.0062,-77.4286,83.39,78,40,3.0
154,Srednekolymsk,RU,2021-07-16 03:20:14,67.45,153.6833,66.6,28,0,8.37
155,Kedrovyy,RU,2021-07-16 03:20:15,56.1667,91.8167,61.21,95,93,1.72
156,Tuatapere,NZ,2021-07-16 03:20:15,-46.1333,167.6833,55.81,82,10,4.5
157,Butaritari,KI,2021-07-16 03:20:16,3.0707,172.7902,82.62,80,100,13.6
158,Luyang,CN,2021-07-16 03:20:16,27.6239,110.0989,91.42,53,73,8.86
159,Husavik,IS,2021-07-16 03:20:16,66.0449,-17.3389,51.71,86,38,2.71
160,Nemuro,JP,2021-07-16 03:20:17,43.3236,145.575,86.43,92,96,12.06
161,Mendota,US,2021-07-16 03:15:24,36.7536,-120.3816,94.82,18,0,14.16
162,Colombia,CU,2021-07-16 03:20:17,20.9881,-77.4297,77.72,91,0,10.58
163,Avera,US,2021-07-16 03:20:17,33.194,-82.5271,78.67,68,46,5.99
164,Puerto Ayora,EC,2021-07-16 03:20:18,-0.7393,-90.3518,70.56,95,83,1.01
165,Beringovskiy,RU,2021-07-16 03:20:18,63.05,179.3167,53.92,73,0,17.65
166,Samarai,PG,2021-07-16 03:20:19,-10.6167,150.6667,81.9,84,7,11.32
167,Kirakira,SB,2021-07-16 03:20:19,-10.4544,161.9205,84.87,71,40,13.73
168,Bintulu,MY,2021-07-16 03:20:20,3.1667,113.0333,86.41,74,20,2.3
169,Torbay,CA,2021-07-16 03:20:20,47.6666,-52.7314,59.88,93,75,13.8
170,Mount Pleasant,US,2021-07-16 03:20:20,32.7941,-79.8626,81.99,84,1,5.01
171,Pisco,PE,2021-07-16 03:20:21,-13.7,-76.2167,60.85,88,20,8.05
172,Samana,DO,2021-07-16 03:20:21,19.2056,-69.3369,76.51,88,5,8.7
173,Galesong,ID,2021-07-16 03:20:21,-5.3166,119.3661,84.22,72,100,1.52
174,Marsh Harbour,BS,2021-07-16 03:20:22,26.5412,-77.0636,81.73,74,0,15.79
175,Cockburn Town,TC,2021-07-16 03:20:22,21.4612,-71.1419,81.45,74,0,19.66
176,Tumpat,MY,2021-07-16 03:20:22,6.1978,102.171,85.98,70,20,3.44
177,Nabire,ID,2021-07-16 03:20:23,-3.3667,135.4833,83.89,74,98,4.43
178,Manokwari,ID,2021-07-16 03:20:23,-0.8667,134.0833,81.23,76,76,6.51
179,Lashio,MM,2021-07-16 03:20:23,22.9333,97.75,76.78,80,100,2.46
180,Grand Gaube,MU,2021-07-16 03:20:24,-20.0064,57.6608,72.0,73,41,5.99
181,Bathsheba,BB,2021-07-16 03:20:24,13.2167,-59.5167,81.21,78,40,20.71
182,Pascagoula,US,2021-07-16 03:20:25,30.3658,-88.5561,81.03,94,1,0.0
183,Podgorica,ME,2021-07-16 03:20:25,42.4411,19.2636,69.58,73,0,4.61
184,Matagami,CA,2021-07-16 03:20:25,49.7502,-77.6328,48.31,93,1,0.0
185,Sept-Iles,CA,2021-07-16 03:15:40,50.2001,-66.3821,62.06,95,75,3.0
186,Pauini,BR,2021-07-16 03:20:26,-7.7136,-66.9764,77.92,64,63,2.1
187,Ancud,CL,2021-07-16 03:20:26,-41.8697,-73.8203,46.22,82,82,10.69
188,Ures,MX,2021-07-16 03:20:27,29.4333,-110.4,92.28,50,92,8.03
189,Changzhou,CN,2021-07-16 03:20:27,31.7833,119.9667,88.97,75,100,8.39
190,Provideniya,RU,2021-07-16 03:20:27,64.3833,-173.3,48.31,81,90,13.42
191,Novo Aripuana,BR,2021-07-16 03:20:28,-5.1206,-60.3797,75.92,84,5,2.59
192,Bengkulu,ID,2021-07-16 03:20:28,-3.8004,102.2655,82.51,63,83,3.69
193,Kaitangata,NZ,2021-07-16 03:20:28,-46.2817,169.8464,53.92,78,18,2.57
194,Carnarvon,AU,2021-07-16 03:20:29,-24.8667,113.6333,66.27,55,87,13.8
195,Chara,RU,2021-07-16 03:20:29,56.9064,118.2631,70.95,51,100,4.07
196,Newport,GB,2021-07-16 03:16:00,51.5877,-2.9984,61.83,88,1,5.28
197,Buala,SB,2021-07-16 03:20:30,-8.145,159.5921,86.0,66,17,10.69
198,Upernavik,GL,2021-07-16 03:20:30,72.7868,-56.1549,43.88,76,100,7.31
199,Mogadishu,SO,2021-07-16 03:20:30,2.0371,45.3438,76.03,82,90,20.07
200,Kandi,BJ,2021-07-16 03:20:31,11.1342,2.9386,77.47,78,100,3.91
201,Urubicha,BO,2021-07-16 03:20:31,-15.3833,-62.95,67.89,70,1,5.57
202,Coquimbo,CL,2021-07-16 03:20:32,-29.9533,-71.3436,47.93,93,0,5.75
203,Nanortalik,GL,2021-07-16 03:20:32,60.1432,-45.2371,45.25,84,100,6.31
204,Berlevag,NO,2021-07-16 03:20:32,70.8578,29.0864,51.8,84,100,9.13
205,Esil,KZ,2021-07-16 03:20:33,51.9556,66.4042,54.99,76,100,8.14
206,Vryburg,ZA,2021-07-16 03:20:33,-26.9566,24.7284,38.14,80,0,5.88
207,Fortuna,US,2021-07-16 03:20:33,40.5982,-124.1573,63.43,91,90,1.01
208,Hamilton,US,2021-07-16 03:19:33,39.1834,-84.5333,76.12,87,1,6.91
209,Denpasar,ID,2021-07-16 03:19:55,-8.65,115.2167,83.86,70,20,17.27
210,La Ronge,CA,2021-07-16 03:20:34,55.1001,-105.2842,63.0,85,100,13.69
211,Griffith,US,2021-07-16 03:18:23,41.5284,-87.4237,73.54,87,90,4.61
212,Kahului,US,2021-07-16 03:20:30,20.8947,-156.47,84.22,65,40,21.85
213,Bilibino,RU,2021-07-16 03:20:35,68.0546,166.4372,46.06,89,100,0.89
214,Kalaiya,NP,2021-07-16 03:20:35,27.0327,85.0022,84.2,74,99,7.78
215,Saint George,US,2021-07-16 03:20:35,37.1041,-113.5841,94.62,35,1,1.01
216,Marystown,CA,2021-07-16 03:20:36,47.1666,-55.1483,54.59,93,79,6.78
217,Kavieng,PG,2021-07-16 03:20:36,-2.5744,150.7967,86.02,69,91,10.76
218,Narsaq,GL,2021-07-16 03:20:36,60.9167,-46.05,52.02,67,100,1.68
219,Klaeng,TH,2021-07-16 03:20:37,12.7797,101.6483,83.95,91,100,0.85
220,Goba,ET,2021-07-16 03:20:37,7.0167,39.9833,50.34,89,100,3.87
221,Amlagora,IN,2021-07-16 03:20:38,22.8333,87.3333,87.82,65,98,9.17
222,Itanhem,BR,2021-07-16 03:20:38,-17.1664,-40.33,63.21,91,0,4.47
223,Phuket,TH,2021-07-16 03:19:13,8.0,98.25,83.08,83,20,5.75
224,Ciudad Del Maiz,MX,2021-07-16 03:20:38,22.4,-99.6,69.73,90,100,2.98
225,Esperance,AU,2021-07-16 03:20:39,-33.8667,121.9,55.24,74,57,24.87
226,Sao Filipe,CV,2021-07-16 03:20:39,14.8961,-24.4956,73.58,83,7,7.47
227,Pervomaysk,UA,2021-07-16 03:20:39,48.0443,30.8507,70.93,52,0,3.2
228,Semey,KZ,2021-07-16 03:20:40,50.4111,80.2275,66.42,45,0,4.47
229,Hambantota,LK,2021-07-16 03:20:40,6.1241,81.1185,84.27,66,51,17.34
230,Almeirim,BR,2021-07-16 03:20:40,-1.5233,-52.5817,73.9,94,33,3.56
231,Ponta Delgada,PT,2021-07-16 03:20:41,37.7333,-25.6667,66.92,88,20,3.44
232,Barranca,PE,2021-07-16 03:20:41,-10.75,-77.7667,62.78,83,62,10.4
233,Barcelos,PT,2021-07-16 03:16:47,41.5388,-8.6151,75.34,40,6,7.02
234,Haines Junction,CA,2021-07-16 03:20:42,60.7522,-137.5108,60.75,44,95,8.05
235,Jumla,NP,2021-07-16 03:20:42,29.2747,82.1838,65.98,89,98,2.89
236,Tolaga Bay,NZ,2021-07-16 03:20:42,-38.3667,178.3,59.25,66,44,11.99
237,Inverness,GB,2021-07-16 03:20:43,57.4791,-4.224,58.98,93,0,5.75
238,Alice Springs,AU,2021-07-16 03:20:43,-23.7,133.8833,60.35,25,59,14.97
239,Ketchikan,US,2021-07-16 03:20:43,55.3422,-131.6461,57.67,94,90,9.22
240,Tignere,CM,2021-07-16 03:20:44,7.3667,12.65,63.99,97,100,1.83
241,Garden City,US,2021-07-16 03:20:44,42.3256,-83.331,75.97,76,90,6.91
242,Pevek,RU,2021-07-16 03:20:44,69.7008,170.3133,34.21,95,100,11.45
243,Portland,US,2021-07-16 03:16:46,45.5234,-122.6762,77.2,52,1,4.0
244,Kerman,IR,2021-07-16 03:20:45,30.2832,57.0788,82.26,28,40,9.22
245,Novikovo,RU,2021-07-16 03:20:45,51.1537,37.8879,68.18,90,81,3.0
246,Wewak,PG,2021-07-16 03:20:46,-3.5534,143.6268,86.34,69,100,3.65
247,Broome,US,2021-07-16 03:20:46,42.2506,-75.833,75.78,76,1,1.99
248,Shihezi,CN,2021-07-16 03:20:47,44.3,86.0333,86.18,31,96,3.47
249,Puerto Quijarro,BO,2021-07-16 03:20:47,-17.7833,-57.7667,72.68,64,40,8.16
250,Grindavik,IS,2021-07-16 03:20:47,63.8424,-22.4338,51.75,100,90,18.41
251,Lichinga,MZ,2021-07-16 03:18:37,-13.3128,35.2406,53.69,100,90,16.11
252,Comodoro Rivadavia,AR,2021-07-16 03:20:48,-45.8667,-67.5,48.06,46,0,26.46
253,Carutapera,BR,2021-07-16 03:20:48,-1.195,-46.02,74.53,93,99,6.42
254,Male,MV,2021-07-16 03:17:48,4.1748,73.5089,82.72,74,100,8.32
255,Fort Frances,CA,2021-07-16 03:20:32,48.5999,-93.4003,66.42,63,1,0.0
256,Salinopolis,BR,2021-07-16 03:20:49,-0.6136,-47.3561,78.06,85,80,10.22
257,Miles City,US,2021-07-16 03:20:49,46.4083,-105.8406,85.17,24,1,5.75
258,Maunabo,PR,2021-07-16 03:20:50,18.0072,-65.8993,80.44,89,27,11.36
259,Pfarrkirchen,DE,2021-07-16 03:20:50,48.432,12.9381,59.07,96,98,2.21
260,Mirnyy,RU,2021-07-16 03:20:50,62.5353,113.9611,71.46,41,4,1.48
261,Severo-Kurilsk,RU,2021-07-16 03:20:51,50.6789,156.125,56.89,77,43,17.52
262,Tilichiki,RU,2021-07-16 03:20:51,60.4667,166.1,59.11,76,94,9.78
263,Kompaniyivka,UA,2021-07-16 03:20:51,48.2511,32.208,70.57,52,0,4.03
264,Kabo,CF,2021-07-16 03:20:52,7.6994,18.629,69.69,92,91,3.49
265,Pampa,US,2021-07-16 03:20:52,35.5362,-100.9599,79.75,73,1,3.44
266,Imeni Zhelyabova,RU,2021-07-16 03:20:52,58.9544,36.5956,70.23,75,41,3.94
267,Airai,TL,2021-07-16 03:20:53,-8.9266,125.4092,75.0,40,58,4.54
268,Limbang,MY,2021-07-16 03:20:53,4.75,115.0,87.91,49,93,1.79
269,Norman Wells,CA,2021-07-16 03:20:53,65.282,-126.8329,53.64,43,75,8.05
270,Irbit,RU,2021-07-16 03:20:54,57.6705,63.071,60.94,49,3,5.06
271,Abu Dhabi,AE,2021-07-16 03:17:48,24.4667,54.3667,95.11,43,100,12.66
272,Prieska,ZA,2021-07-16 03:20:54,-29.6641,22.7474,34.5,27,0,4.38
273,Nyurba,RU,2021-07-16 03:20:54,63.2842,118.3319,70.18,34,15,4.34
274,Koslan,RU,2021-07-16 03:20:55,63.4564,48.8989,57.92,92,95,5.21
275,Qinhuangdao,CN,2021-07-16 03:20:55,39.9317,119.5883,78.96,87,87,9.35
276,Lake Cowichan,CA,2021-07-16 03:20:56,48.825,-124.0546,68.29,62,14,3.24
277,Yulara,AU,2021-07-16 03:20:56,-25.2406,130.9889,60.64,29,76,11.5
278,Ilulissat,GL,2021-07-16 03:20:56,69.2167,-51.1,44.62,70,27,1.14
279,Trincomalee,LK,2021-07-16 03:20:57,8.5711,81.2335,83.95,67,93,17.02
280,Victoria,HK,2021-07-16 03:17:36,22.2855,114.1577,90.97,78,17,1.01
281,Linguere,SN,2021-07-16 03:20:57,15.3953,-15.1193,81.95,62,66,9.91
282,General Roca,AR,2021-07-16 03:20:57,-39.0333,-67.5833,41.4,43,100,2.8
283,Ulladulla,AU,2021-07-16 03:20:58,-35.35,150.4667,65.68,46,59,12.21
284,Caraballeda,VE,2021-07-16 03:20:58,10.6112,-66.8522,80.37,77,20,9.22
285,Fort-Shevchenko,KZ,2021-07-16 03:20:58,44.5086,50.263,80.55,43,0,3.98
286,Santa Marta,CO,2021-07-16 03:20:59,11.2408,-74.199,83.98,73,40,10.0
287,Namatanai,PG,2021-07-16 03:20:59,-3.6667,152.4333,85.64,70,93,10.96
288,Honiara,SB,2021-07-16 03:17:25,-9.4333,159.95,89.02,57,28,9.91
289,Iskateley,RU,2021-07-16 03:21:00,67.6803,53.1512,56.44,61,29,7.36
290,Mahebourg,MU,2021-07-16 03:21:00,-20.4081,57.7,71.89,78,40,14.97
291,Nicoya,CR,2021-07-16 03:21:01,10.1483,-85.452,81.95,84,62,5.35
292,Rio Grande,BR,2021-07-16 03:19:58,-32.035,-52.0986,52.99,90,19,6.44
293,Cap-Aux-Meules,CA,2021-07-16 03:21:01,47.3821,-61.8597,64.42,94,95,12.66
294,Ojinaga,MX,2021-07-16 03:21:01,29.5667,-104.4167,88.75,35,1,6.91
295,Turkistan,KZ,2021-07-16 03:21:02,43.0,68.0,75.83,22,15,3.65
296,Chinhoyi,ZW,2021-07-16 03:21:02,-17.3667,30.2,52.83,88,54,5.23
297,Cururupu,BR,2021-07-16 03:20:18,-1.8283,-44.8683,75.99,85,90,3.29
298,Kyzyl-Suu,KG,2021-07-16 03:21:03,42.3414,78.0056,63.32,61,100,5.17
299,Asau,RO,2021-07-16 03:21:03,46.4333,26.4,67.39,92,95,3.53
300,Teguldet,RU,2021-07-16 03:21:04,57.3064,88.1667,65.75,49,66,11.97
301,Kourou,GF,2021-07-16 03:21:04,5.1552,-52.6478,76.1,91,65,4.59
302,Bianzhuang,CN,2021-07-16 03:21:04,34.8486,118.0447,78.21,91,100,12.06
303,Mazatlan,MX,2021-07-16 03:19:27,23.2167,-106.4167,85.01,81,40,1.99
304,Champerico,GT,2021-07-16 03:21:05,14.3,-91.9167,81.72,76,52,4.34
305,Raduzhnyy,RU,2021-07-16 03:21:05,62.0961,77.475,55.0,95,93,10.18
306,Marsaxlokk,MT,2021-07-16 03:21:06,35.8419,14.5431,76.08,88,0,5.75
307,Krasnyy Yar,RU,2021-07-16 03:21:06,46.5331,48.3456,76.96,50,23,7.02
308,Santa Comba,ES,2021-07-16 03:21:06,43.0331,-8.8093,59.79,80,0,4.45
309,Pacific Grove,US,2021-07-16 03:21:07,36.6177,-121.9166,69.15,88,90,4.0
310,Martapura,ID,2021-07-16 03:21:07,-3.4167,114.85,80.69,83,20,0.0
311,Yambio,SS,2021-07-16 03:21:08,4.5721,28.3955,66.88,95,100,2.37
312,Seguela,CI,2021-07-16 03:21:08,7.9611,-6.6731,69.19,98,58,5.39
313,Mont-Joli,CA,2021-07-16 03:21:08,48.5839,-68.1921,71.1,94,90,2.3
314,Marti,CU,2021-07-16 03:21:09,22.9475,-80.9203,77.65,81,2,9.75
315,Jiazi,CN,2021-07-16 03:21:09,22.8779,116.067,87.49,65,42,6.49
316,Pangnirtung,CA,2021-07-16 03:21:09,66.1451,-65.7125,53.02,63,0,1.68
317,Ranong,TH,2021-07-16 03:21:10,9.9658,98.6348,84.13,74,74,8.84
318,Umm Kaddadah,SD,2021-07-16 03:21:10,13.6017,26.6876,83.14,54,60,13.35
319,Darnah,LY,2021-07-16 03:21:11,32.767,22.6367,77.27,89,0,20.78
320,Impfondo,CG,2021-07-16 03:21:11,1.6381,18.0667,73.02,75,98,2.37
321,Tezu,IN,2021-07-16 03:19:11,27.9167,96.1667,75.81,98,100,3.53
322,Faya,SA,2021-07-16 03:21:11,18.3851,42.4509,66.31,37,93,6.06
323,Kashan,IR,2021-07-16 03:21:12,33.9831,51.4364,82.36,37,0,14.05
324,Port Lincoln,AU,2021-07-16 03:21:12,-34.7333,135.8667,56.37,78,15,31.36
325,Buraydah,SA,2021-07-16 03:21:12,26.326,43.975,90.05,16,29,7.63
326,Guerrero Negro,MX,2021-07-16 03:21:13,27.9769,-114.0611,69.46,82,1,17.69
327,Evensk,RU,2021-07-16 03:21:13,61.95,159.2333,62.47,80,50,8.84
328,Chumikan,RU,2021-07-16 03:21:14,54.7183,135.315,64.27,98,100,3.58
329,Youkounkoun,GN,2021-07-16 03:21:14,12.5333,-13.1333,75.0,93,100,4.59
330,Bayji,IQ,2021-07-16 03:21:14,34.9311,43.487,89.94,21,0,4.74
331,Gazli,UZ,2021-07-16 03:21:15,40.1333,63.45,81.79,19,100,13.49
332,Oksovskiy,RU,2021-07-16 03:21:15,62.6062,39.8984,59.56,72,49,1.77
333,Northam,GB,2021-07-16 03:21:15,51.0333,-4.2167,60.3,96,0,1.9
334,Melchor De Mencos,GT,2021-07-16 03:21:16,17.0686,-89.1522,80.6,78,0,6.91
335,Lavrentiya,RU,2021-07-16 03:21:16,65.5833,-171.0,53.89,74,32,14.27
336,Kashi,CN,2021-07-16 03:21:16,39.4547,75.9797,79.23,38,40,6.71
337,Vao,NC,2021-07-16 03:21:17,-22.6667,167.4833,72.84,80,49,10.09
338,Tommot,RU,2021-07-16 03:21:17,58.9564,126.2925,62.19,93,100,3.71
339,Saint-Ambroise,CA,2021-07-16 03:21:18,48.5501,-71.3324,66.74,99,100,6.98
340,Shahr-E Babak,IR,2021-07-16 03:21:18,30.1165,55.1186,79.93,36,20,11.05
341,Zhanaozen,KZ,2021-07-16 03:21:18,43.3,52.8,78.71,23,0,3.91
342,Russell,US,2021-07-16 03:21:19,32.3502,-85.1999,76.78,90,17,2.62
343,Asmara,ER,2021-07-16 03:21:19,15.3333,38.9333,58.75,81,89,9.1
344,Garowe,SO,2021-07-16 03:21:19,8.4054,48.4845,75.09,64,100,27.07
345,Tamworth,GB,2021-07-16 03:21:20,52.634,-1.6959,57.04,87,0,1.83
346,Kopavogur,IS,2021-07-16 03:21:20,64.1123,-21.913,51.51,82,90,11.5
347,Arauca,CO,2021-07-16 03:21:20,7.0847,-70.7591,72.86,96,55,2.98
348,Nurlat,RU,2021-07-16 03:21:21,54.4277,50.8051,67.87,77,28,2.86
349,Cachoeirinha,BR,2021-07-16 03:21:21,-29.9511,-51.0939,57.96,88,75,6.91
350,Sao Joao Da Barra,BR,2021-07-16 03:21:21,-21.6403,-41.0511,70.65,91,47,10.98
351,Sao Jose Da Coroa Grande,BR,2021-07-16 03:21:22,-8.8978,-35.1478,74.1,90,38,9.15
352,Kushima,JP,2021-07-16 03:21:22,31.4583,131.2333,76.51,74,97,11.34
353,Sioux Lookout,CA,2021-07-16 03:21:23,50.1001,-91.917,71.98,67,90,2.3
354,Ahipara,NZ,2021-07-16 03:21:23,-35.1667,173.1667,60.8,77,76,18.14
355,Nouakchott,MR,2021-07-16 03:21:23,18.0858,-15.9785,76.93,86,24,14.65
356,Cidreira,BR,2021-07-16 03:21:24,-30.1811,-50.2056,55.99,90,54,8.95
357,Libreville,GA,2021-07-16 03:20:08,0.3925,9.4537,75.22,83,20,6.91
358,Amapa,BR,2021-07-16 03:21:24,1.0,-52.0,71.42,99,100,1.05
359,Batticaloa,LK,2021-07-16 03:21:24,7.7102,81.6924,83.03,72,90,2.35
360,Aswan,EG,2021-07-16 03:21:25,24.0934,32.907,84.4,22,29,6.2
361,Jutai,BR,2021-07-16 03:21:25,-5.1833,-68.9,74.14,88,53,2.21
362,Neryungri,RU,2021-07-16 03:21:25,56.6709,124.6491,56.25,92,100,8.95
363,Boa Vista,BR,2021-07-16 03:21:26,2.8197,-60.6733,75.18,94,75,2.3
364,Kralendijk,BQ,2021-07-16 03:17:16,12.15,-68.2667,80.58,83,20,14.97
365,Rockhampton,AU,2021-07-16 03:19:13,-23.3833,150.5,84.09,48,0,16.11
366,Nara,JP,2021-07-16 03:21:26,34.6851,135.8049,85.37,94,100,5.32
367,Fort Saint James,CA,2021-07-16 03:21:27,54.4333,-124.25,69.64,48,90,1.59
368,Puerto Baquerizo Moreno,EC,2021-07-16 03:21:27,-0.9,-89.6,71.85,89,100,7.78
369,Vaitape,PF,2021-07-16 03:21:27,-16.5167,-151.75,80.2,73,2,17.92
370,Adamovka,RU,2021-07-16 03:21:28,51.5223,59.9396,67.51,55,49,4.79
371,Salalah,OM,2021-07-16 03:21:28,17.0151,54.0924,80.69,94,90,3.44
372,Kalmunai,LK,2021-07-16 03:21:29,7.4167,81.8167,83.93,71,74,2.21
373,Dingle,PH,2021-07-16 03:21:29,10.9995,122.6711,78.37,88,100,5.97
374,Kysyl-Syr,RU,2021-07-16 03:21:29,63.8986,122.7617,70.5,28,46,9.78
375,Port Keats,AU,2021-07-16 03:21:30,-14.25,129.55,88.05,27,100,8.03
376,Cairns,AU,2021-07-16 03:21:30,-16.9167,145.7667,89.94,69,74,5.75
377,Olafsvik,IS,2021-07-16 03:21:30,64.8945,-23.7142,49.68,96,100,9.93
378,Westport,US,2021-07-16 03:18:02,41.1415,-73.3579,80.15,89,1,1.01
379,Ngunguru,NZ,2021-07-16 03:21:31,-35.6167,174.5,63.16,74,8,21.25
380,Meadow Lake,US,2021-07-16 03:21:31,34.8014,-106.5436,79.3,42,28,10.96
381,Hovd,MN,2021-07-16 03:21:32,48.0056,91.6419,76.59,25,100,2.08
382,Puerto Carreno,CO,2021-07-16 03:21:32,6.189,-67.4859,74.7,94,100,4.47
383,Lajas,PR,2021-07-16 03:21:32,18.05,-67.0593,79.18,83,42,3.0
384,Sidney,AU,2021-07-16 03:17:41,-33.8679,151.2073,62.62,65,18,1.01
385,Frontera,MX,2021-07-16 03:21:33,26.9333,-101.45,83.32,62,11,11.7
386,Port-De-Bouc,FR,2021-07-16 03:21:33,43.4,4.9833,70.02,68,0,19.57
387,Atambua,ID,2021-07-16 03:21:34,-9.1061,124.8925,84.49,45,64,0.25
388,Talcahuano,CL,2021-07-16 03:21:34,-36.7167,-73.1167,44.28,93,100,0.0
389,Luderitz,NA,2021-07-16 03:21:34,-26.6481,15.1594,56.75,33,0,6.91
390,Garissa,KE,2021-07-16 03:21:35,-0.4536,39.6401,71.47,80,21,14.67
391,Arman,RU,2021-07-16 03:21:35,59.7,150.1667,60.84,72,100,7.63
392,Clyde River,CA,2021-07-16 03:21:35,70.4692,-68.5914,55.63,67,90,18.41
393,Panjakent,TJ,2021-07-16 03:21:36,39.4952,67.6093,67.8,42,100,3.31
394,Port Augusta,AU,2021-07-16 03:21:36,-32.5,137.7667,62.74,45,91,23.09
395,Hualmay,PE,2021-07-16 03:21:36,-11.0964,-77.6139,62.83,83,31,10.27
396,Chuy,UY,2021-07-16 03:21:37,-33.6971,-53.4616,47.17,94,0,5.41
397,Fomboni,KM,2021-07-16 03:21:37,-12.28,43.7425,77.5,66,4,17.76
398,Rocha,UY,2021-07-16 03:21:37,-34.4833,-54.3333,45.07,95,2,4.99
399,Buta,CD,2021-07-16 03:21:38,2.7858,24.73,69.91,94,100,0.2
400,Anchorage,US,2021-07-16 03:17:52,61.2181,-149.9003,77.38,58,1,6.91
401,Rivers,CA,2021-07-16 03:21:38,50.0308,-100.2403,74.35,57,95,8.25
402,Honningsvag,NO,2021-07-16 03:21:39,70.9821,25.9704,51.33,85,92,15.01
403,Berbera,SO,2021-07-16 03:21:39,10.4396,45.0143,89.96,39,100,30.96
404,Avanigadda,IN,2021-07-16 03:21:39,16.0215,80.9181,78.94,87,100,10.29
405,Okhotsk,RU,2021-07-16 03:21:40,59.3833,143.3,61.56,75,100,9.95
406,Bilma,NE,2021-07-16 03:21:40,18.6853,12.9164,91.18,15,49,18.52
407,Kloulklubed,PW,2021-07-16 03:21:40,7.0419,134.2556,82.9,70,77,2.89
408,Longyearbyen,SJ,2021-07-16 03:21:41,78.2186,15.6401,53.44,66,75,2.3
409,Antalaha,MG,2021-07-16 03:21:41,-14.9003,50.2788,69.76,80,100,8.21
410,Mount Isa,AU,2021-07-16 03:21:41,-20.7333,139.5,74.97,22,2,16.11
411,Kindu,CD,2021-07-16 03:21:42,-2.95,25.95,74.01,63,100,2.8
412,Vila Franca Do Campo,PT,2021-07-16 03:21:42,37.7167,-25.4333,66.61,76,91,2.95
413,Yeppoon,AU,2021-07-16 03:21:43,-23.1333,150.7333,83.98,57,0,13.24
414,Taoudenni,ML,2021-07-16 03:21:09,22.6783,-3.9836,97.74,22,47,9.95
415,Richards Bay,ZA,2021-07-16 03:21:43,-28.783,32.0377,54.48,85,2,5.57
416,Basco,PH,2021-07-16 03:21:44,20.4487,121.9702,84.02,75,55,8.39
417,Kununurra,AU,2021-07-16 03:21:44,-15.7667,128.7333,84.18,30,100,13.8
418,Belaya Gora,RU,2021-07-16 03:21:44,68.5333,146.4167,67.62,33,1,6.76
419,Itarema,BR,2021-07-16 03:21:45,-2.9248,-39.9167,76.42,84,88,9.93
420,Taksimo,RU,2021-07-16 03:21:45,56.3444,114.8794,79.47,44,90,0.85
421,Anadyr,RU,2021-07-16 03:21:46,64.75,177.4833,64.9,59,20,20.13
422,Paamiut,GL,2021-07-16 03:21:46,61.994,-49.6678,42.33,93,100,6.91
423,Omboue,GA,2021-07-16 03:17:17,-1.5746,9.2618,71.17,80,100,6.49
424,Vytegra,RU,2021-07-16 03:21:46,61.0064,36.4481,66.54,89,9,2.93
425,Pangoa,PE,2021-07-16 03:21:47,-12.1167,-73.0,67.3,95,62,3.22
426,Pitimbu,BR,2021-07-16 03:21:47,-7.4706,-34.8086,73.99,89,13,8.32
427,Kamenica,DE,2021-07-16 03:21:47,50.8333,12.9167,62.55,92,43,3.89
428,Ucluelet,CA,2021-07-16 03:21:48,48.9329,-125.5528,66.04,86,46,7.65
429,Kendari,ID,2021-07-16 03:21:48,-3.945,122.4989,81.61,77,100,2.98
430,Codrington,AU,2021-07-16 03:21:48,-38.2667,141.9667,55.29,78,100,16.26
431,Fallon,US,2021-07-16 03:21:49,39.4735,-118.7774,91.18,9,1,17.27
432,Antsohihy,MG,2021-07-16 03:21:49,-14.8796,47.9875,68.79,62,27,9.31
433,Merced,US,2021-07-16 03:21:50,37.1666,-120.7516,88.38,31,0,12.8
434,Manzil Salim,TN,2021-07-16 03:21:50,35.8567,8.4765,69.8,62,0,4.16
435,Motygino,RU,2021-07-16 03:21:50,58.1831,94.7592,73.54,62,88,4.45
436,Choix,MX,2021-07-16 03:21:51,26.7092,-108.3219,81.37,75,89,1.83
437,Diffa,NE,2021-07-16 03:21:51,13.3154,12.6113,83.66,58,22,10.96
438,Selimpasa,TR,2021-07-16 03:21:51,41.0558,28.379,77.95,83,0,14.27
439,Verkhnyaya Toyma,RU,2021-07-16 03:21:52,62.2349,44.9985,57.96,89,1,5.35
440,Saint-Marc-Des-Carrieres,CA,2021-07-16 03:21:52,46.6834,-72.0491,77.41,94,100,1.14
441,Varkkallai,IN,2021-07-16 03:21:53,8.7341,76.7067,76.78,86,100,7.58
442,Yuzhne,UA,2021-07-16 03:21:53,46.6221,31.1013,70.02,50,12,6.29
443,Dumai,ID,2021-07-16 03:21:53,1.6833,101.45,84.92,63,96,4.38
444,Paka,MY,2021-07-16 03:21:54,4.6374,103.4368,85.93,74,20,4.61
445,Touros,BR,2021-07-16 03:20:31,-5.1989,-35.4608,74.3,89,4,10.96
446,Carbonia,IT,2021-07-16 03:21:54,39.1672,8.5222,65.84,82,0,6.06
447,Mongoumba,CF,2021-07-16 03:21:55,3.6415,18.5936,72.41,82,98,3.44
448,Acapulco,MX,2021-07-16 03:21:55,16.8634,-99.8901,78.3,87,96,2.95
449,Pemberton,CA,2021-07-16 03:21:55,50.3164,-122.8027,66.06,56,45,6.35
450,Santa Cruz,BO,2021-07-16 03:21:56,-17.8,-63.1667,58.46,100,90,16.11
451,Pangkalanbuun,ID,2021-07-16 03:21:56,-2.6833,111.6167,84.51,63,94,5.46
452,Narrabri,AU,2021-07-16 03:21:56,-30.3167,149.7833,65.52,46,25,8.01
453,Meulaboh,ID,2021-07-16 03:21:57,4.1363,96.1285,81.21,77,98,3.6
454,Sola,VU,2021-07-16 03:21:57,-13.8833,167.55,81.27,89,90,6.91
455,Inuvik,CA,2021-07-16 03:21:57,68.3499,-133.7218,56.26,100,40,3.44
456,Port Moresby,PG,2021-07-16 03:21:58,-9.4431,147.1797,87.22,70,40,17.27
457,Hatillo,PR,2021-07-16 03:21:58,18.4863,-66.8254,78.8,87,70,11.5
458,Waipawa,NZ,2021-07-16 03:21:58,-41.4122,175.5153,54.23,73,100,16.64
459,Turan,VN,2021-07-16 03:21:59,16.0678,108.2208,91.38,55,20,11.5
460,Tammisaari,FI,2021-07-16 03:17:08,59.9736,23.4339,70.93,87,9,4.92
461,Capreol,CA,2021-07-16 03:21:59,46.706,-80.9225,59.47,93,20,5.75
462,Luwuk,ID,2021-07-16 03:21:59,-0.9516,122.7875,77.56,94,100,3.33
463,Poronaysk,RU,2021-07-16 03:22:00,49.2167,143.1167,74.12,73,100,8.81
464,Port Macquarie,AU,2021-07-16 03:22:00,-31.4333,152.9167,71.49,43,40,18.41
465,Tual,ID,2021-07-16 03:22:01,-5.6667,132.75,80.82,81,99,16.11
466,Hue,VN,2021-07-16 03:19:20,16.4667,107.6,89.71,66,20,6.91
467,Lerwick,GB,2021-07-16 03:17:18,60.1545,-1.1494,55.4,90,98,18.43
468,Mazsalaca,LV,2021-07-16 03:22:02,57.8633,25.0547,72.25,93,66,3.02
469,Oloron-Sainte-Marie,FR,2021-07-16 03:22:02,43.1944,-0.6107,55.33,95,24,1.83
470,Oussouye,SN,2021-07-16 03:22:02,12.485,-16.5469,82.49,83,99,5.95
471,Saint-Joseph,RE,2021-07-16 03:22:03,-21.3667,55.6167,66.56,82,38,14.38
472,Gardner,US,2021-07-16 03:19:46,42.5751,-71.9981,73.4,89,49,3.0
473,Vieques,PR,2021-07-16 03:22:03,18.425,-65.8329,80.64,83,20,5.75
474,Tornio,FI,2021-07-16 03:22:04,65.8481,24.1466,57.22,62,0,12.66
475,Vranje,RS,2021-07-16 03:22:04,42.5514,21.9003,70.79,78,0,2.55
476,Tazovskiy,RU,2021-07-16 03:22:04,67.4667,78.7,54.84,61,100,12.82
477,Andenes,NO,2021-07-16 03:22:05,69.3143,16.1194,51.78,87,75,28.77
478,Harper,LR,2021-07-16 03:22:05,4.375,-7.7169,76.78,79,100,8.72
479,Batemans Bay,AU,2021-07-16 03:22:06,-35.7167,150.1833,65.91,45,64,11.59
480,Dukhovnitskoye,RU,2021-07-16 03:22:06,52.4828,48.2137,70.18,79,9,2.82
481,Margate,GB,2021-07-16 03:22:06,51.3813,1.3862,58.69,75,57,3.0
482,Huarmey,PE,2021-07-16 03:22:07,-10.0681,-78.1522,63.86,85,12,10.92
483,Chaiya,TH,2021-07-16 03:22:07,9.3862,99.1986,89.19,73,98,4.65
484,Shubarkuduk,KZ,2021-07-16 03:22:07,49.1447,56.4872,76.08,25,100,1.05
485,Hirara,JP,2021-07-16 03:22:08,24.8,125.2833,87.66,74,75,13.8
486,Raudeberg,NO,2021-07-16 03:22:08,61.9875,5.1352,54.27,84,1,12.48
487,Inirida,CO,2021-07-16 03:22:08,3.8653,-67.9239,74.57,89,93,1.72
488,Mao,ES,2021-07-16 03:22:09,39.8885,4.2658,66.76,88,0,4.61
489,Vestmanna,FO,2021-07-16 03:22:09,62.1564,-7.1664,50.92,100,90,14.97
490,Ixtapa,MX,2021-07-16 03:22:09,20.7,-105.2,78.08,93,100,1.99
491,Amos,CA,2021-07-16 03:22:10,48.5669,-78.1162,57.47,99,80,5.17
492,Barabinsk,RU,2021-07-16 03:22:10,55.3571,78.357,57.02,67,99,15.7
493,Sabinas Hidalgo,MX,2021-07-16 03:22:10,26.5,-100.1667,85.21,51,95,13.04
494,Noumea,NC,2021-07-16 03:22:11,-22.2763,166.4572,80.58,99,62,5.73
495,Jodhpur,IN,2021-07-16 03:22:11,26.2867,73.03,92.39,55,99,9.71
496,Lasa,IT,2021-07-16 03:22:12,46.6166,10.7002,56.28,93,100,4.0
497,Lhokseumawe,ID,2021-07-16 03:22:12,5.1801,97.1507,81.39,76,100,2.15
498,Kongoussi,BF,2021-07-16 03:22:12,13.3258,-1.5347,85.42,51,98,8.19
499,Mitsamiouli,KM,2021-07-16 03:22:13,-11.3847,43.2844,76.75,64,1,12.46
500,Ewa Beach,US,2021-07-16 03:18:03,21.3156,-158.0072,84.15,57,75,18.01
501,Akureyri,IS,2021-07-16 03:22:13,65.6835,-18.0878,51.73,76,0,9.22
502,Ipixuna,BR,2021-07-16 03:22:13,-1.7625,-48.8043,75.15,97,46,3.4
503,Adrar,MR,2021-07-16 03:22:14,20.5022,-10.0711,87.91,31,0,21.03
504,Sembakung,ID,2021-07-16 03:22:14,3.8167,117.25,80.53,67,100,3.49
505,Port Hedland,AU,2021-07-16 03:22:14,-20.3167,118.5667,73.45,27,6,17.27
506,Shonguy,RU,2021-07-16 03:22:15,68.7526,33.146,60.87,94,40,4.47
507,Paraguacu,BR,2021-07-16 03:22:15,-21.5472,-45.7375,58.42,55,100,0.69
508,Irsha,RU,2021-07-16 03:22:16,55.9269,94.7911,72.61,71,90,2.06
509,Palmer,US,2021-07-16 03:22:16,42.1584,-72.3287,76.55,76,40,3.0
510,Matara,LK,2021-07-16 03:22:16,5.9485,80.5353,82.26,77,64,10.25
511,Bonavista,CA,2021-07-16 03:22:17,48.6499,-53.1147,60.12,85,97,16.91
512,Baiyin,CN,2021-07-16 03:22:17,36.5583,104.2081,79.68,46,24,4.07
513,Doha,QA,2021-07-16 03:22:17,25.2867,51.5333,94.98,67,0,9.22
514,Talnakh,RU,2021-07-16 03:22:18,69.4865,88.3972,60.31,57,100,11.25
515,Penzance,GB,2021-07-16 03:22:18,50.1186,-5.5371,58.77,91,0,7.49
516,Mahajanga,MG,2021-07-16 03:22:19,-15.7167,46.3167,62.62,82,20,4.61
517,Byron Bay,AU,2021-07-16 03:22:19,-28.65,153.6167,71.55,78,96,11.05
518,Vyazemskiy,RU,2021-07-16 03:22:19,47.5378,134.7525,92.07,49,19,10.74
519,Lakes Entrance,AU,2021-07-16 03:22:20,-37.8811,147.981,60.19,51,100,6.17
520,Mettur,IN,2021-07-16 03:22:20,11.8,77.8,79.86,79,95,2.39
521,Qaqortoq,GL,2021-07-16 03:22:20,60.7167,-46.0333,52.3,79,100,3.13
522,Marienburg,PL,2021-07-16 03:22:21,54.0359,19.0266,70.88,91,46,3.98
523,Kenai,US,2021-07-16 03:22:21,60.5544,-151.2583,74.03,70,1,6.91
524,San Felipe,VE,2021-07-16 03:22:21,10.3399,-68.7425,70.86,98,58,1.43
525,Canon City,US,2021-07-16 03:22:22,38.441,-105.2424,75.18,54,1,8.01
526,North Bend,US,2021-07-16 03:20:59,43.4065,-124.2243,62.92,79,75,13.8
527,Swan River,CA,2021-07-16 03:22:22,52.1058,-101.2676,75.09,57,73,5.75
528,Gumdag,TM,2021-07-16 03:20:05,39.2061,54.5906,83.86,28,99,4.97
529,Tiznit,MA,2021-07-16 03:22:23,29.5833,-9.5,77.11,33,3,1.66
530,Bayan,CN,2021-07-16 03:22:23,46.0833,127.4,85.93,67,39,12.66
531,Gawler,AU,2021-07-16 03:22:24,-34.6,138.7333,59.56,77,94,21.36
532,Moose Factory,CA,2021-07-16 03:22:24,51.2585,-80.6094,57.2,82,75,3.44
533,Jamame,SO,2021-07-16 03:22:24,0.0722,42.7506,73.76,82,41,11.59
534,Saint-Malo,FR,2021-07-16 03:22:25,48.5,-1.8333,60.75,81,44,5.37
535,Goderich,CA,2021-07-16 03:22:25,43.7501,-81.7165,67.91,88,100,4.61
536,Sturgeon Falls,CA,2021-07-16 03:22:26,46.3646,-79.9326,64.89,90,97,10.56
537,Cedar City,US,2021-07-16 03:22:26,37.6775,-113.0619,75.18,35,20,5.75
538,Kalemie,CD,2021-07-16 03:22:26,-5.9475,29.1947,73.49,65,40,11.56
539,Kiama,AU,2021-07-16 03:22:27,-34.6833,150.8667,63.37,54,55,18.01
540,Brownsville,US,2021-07-16 03:22:27,25.9018,-97.4975,81.91,80,1,4.0
541,Kaliganj,BD,2021-07-16 03:22:27,23.4095,89.1402,86.79,74,98,7.47
542,Linxia,CN,2021-07-16 03:22:28,35.6003,103.2064,74.79,53,64,3.71
543,Canico,PT,2021-07-16 03:22:28,32.6333,-16.85,71.01,83,20,9.22
544,Gizo,SB,2021-07-16 03:22:28,-8.103,156.8419,84.42,75,66,12.82
545,Klaksvik,FO,2021-07-16 03:22:29,62.2266,-6.589,52.72,88,67,18.66
546,Barcelona,ES,2021-07-16 03:18:17,41.3888,2.159,72.7,85,20,6.91
547,Luena,AO,2021-07-16 03:22:29,-11.7833,19.9167,52.09,51,1,4.12
548,Roebourne,AU,2021-07-16 03:22:30,-20.7833,117.1333,72.3,29,8,21.61
549,Port Hardy,CA,2021-07-16 03:22:30,50.6996,-127.4199,60.98,77,75,4.61
550,Los Llanos De Aridane,ES,2021-07-16 03:22:30,28.6585,-17.9182,64.15,96,20,12.66
551,Chancay,PE,2021-07-16 03:22:31,-11.5714,-77.2672,62.47,83,88,6.13
552,Zaysan,KZ,2021-07-16 03:22:31,47.4667,84.8667,77.09,34,99,7.94
553,Price,US,2021-07-16 03:22:31,39.5994,-110.8107,74.46,38,1,0.0
554,Vilhena,BR,2021-07-16 03:22:32,-12.7406,-60.1458,70.02,60,0,5.75
555,Bacolod,PH,2021-07-16 03:22:32,10.6667,122.95,78.31,89,100,9.6
556,Ashland,US,2021-07-16 03:22:32,40.8167,-82.2665,73.27,87,30,8.37
557,Betul,IN,2021-07-16 03:22:33,21.9153,77.8961,80.01,72,98,14.38
558,Erenhot,CN,2021-07-16 03:22:33,43.6475,111.9767,89.76,30,87,15.68
559,Lagoa,PT,2021-07-16 03:22:33,39.05,-27.9833,68.65,86,3,9.06
560,Kajiado,KE,2021-07-16 03:22:34,-1.8524,36.7768,54.88,93,54,3.58
561,Baherden,TM,2021-07-16 03:22:34,38.4362,57.4316,80.29,35,54,2.48
562,Mahibadhoo,MV,2021-07-16 03:22:34,3.7833,72.9667,83.05,74,100,8.81
563,Sehithwa,BW,2021-07-16 03:22:35,-20.4667,22.7167,51.12,88,19,7.76
564,Aktau,KZ,2021-07-16 03:22:35,43.65,51.2,75.78,32,0,5.66
565,Eyl,SO,2021-07-16 03:22:35,7.9803,49.8164,79.79,60,100,27.07
566,Cabedelo,BR,2021-07-16 03:22:36,-6.9811,-34.8339,74.07,89,19,9.86
567,Morehead,US,2021-07-16 03:22:36,37.2711,-87.1764,76.86,90,1,0.0
568,Akdepe,TM,2021-07-16 03:22:36,42.0551,59.3788,78.8,22,3,11.7
569,Kilindoni,TZ,2021-07-16 03:22:37,-7.9139,39.6668,76.51,72,14,22.37
