City_ID,City,Country,Date,Lat,Lng,Max Temp,Humidity,Cloudiness,Wind Speed,Current Description
0,Puerto Ayora,EC,2021-07-24 18:34:03,-0.7393,-90.3518,82.36,81,15,8.99,few clouds
1,Kaeo,NZ,2021-07-24 18:34:05,-35.1,173.7833,55.33,87,97,10.92,overcast clouds
2,Kapaa,US,2021-07-24 18:31:00,22.0752,-159.319,80.58,84,90,4.0,light rain
3,Faanui,PF,2021-07-24 18:31:46,-16.4833,-151.75,77.79,71,3,13.85,clear sky
4,Jamestown,US,2021-07-24 18:34:08,42.097,-79.2353,80.19,61,20,7.0,few clouds
5,Saldanha,ZA,2021-07-24 18:34:09,-33.0117,17.9442,51.85,69,7,11.03,clear sky
6,San Patricio,US,2021-07-24 18:34:10,28.017,-97.5169,94.01,39,0,15.39,clear sky
7,Cherskiy,RU,2021-07-24 18:34:11,68.75,161.3,45.01,74,99,3.47,overcast clouds
8,East London,ZA,2021-07-24 18:31:48,-33.0153,27.9116,54.54,76,0,9.22,clear sky
9,Pauini,BR,2021-07-24 18:34:13,-7.7136,-66.9764,97.72,26,21,2.68,few clouds
10,Butaritari,KI,2021-07-24 18:31:02,3.0707,172.7902,83.79,72,100,18.59,overcast clouds
11,Tuktoyaktuk,CA,2021-07-24 18:34:15,69.4541,-133.0374,57.2,62,40,18.41,scattered clouds
12,Mataura,NZ,2021-07-24 18:34:16,-46.1927,168.8643,40.48,90,100,3.69,overcast clouds
13,Qarayeri,AZ,2021-07-24 18:34:18,40.7886,46.3066,83.28,61,75,20.71,broken clouds
14,Hammerfest,NO,2021-07-24 18:34:19,70.6634,23.6821,45.05,87,90,9.22,overcast clouds
15,Cape Town,ZA,2021-07-24 18:31:03,-33.9258,18.4232,54.27,69,0,3.44,clear sky
16,Kuusamo,FI,2021-07-24 18:33:29,65.9667,29.1833,59.04,58,0,4.61,clear sky
17,Gravelbourg,CA,2021-07-24 18:34:21,49.8834,-106.5512,79.07,22,0,10.18,clear sky
18,Sao Joao Da Barra,BR,2021-07-24 18:34:22,-21.6403,-41.0511,77.09,60,0,12.39,clear sky
19,Ilulissat,GL,2021-07-24 18:34:23,69.2167,-51.1,44.62,76,75,11.5,broken clouds
20,Punta Arenas,CL,2021-07-24 18:33:52,-53.15,-70.9167,42.91,75,75,18.41,broken clouds
21,Sistranda,NO,2021-07-24 18:34:25,63.7256,8.834,64.36,86,100,7.81,overcast clouds
22,Koumac,NC,2021-07-24 18:34:26,-20.5667,164.2833,67.93,87,4,3.47,clear sky
23,Siavonga,ZM,2021-07-24 18:34:27,-16.5382,28.7088,64.6,61,36,9.64,scattered clouds
24,Hilo,US,2021-07-24 18:34:28,19.7297,-155.09,86.29,88,90,5.75,light rain
25,Klaksvik,FO,2021-07-24 18:34:29,62.2266,-6.589,50.92,95,82,18.66,broken clouds
26,Longyearbyen,SJ,2021-07-24 18:31:03,78.2186,15.6401,46.24,76,75,6.91,broken clouds
27,Vaini,TO,2021-07-24 18:34:31,-21.2,-175.2,69.96,100,75,1.14,fog
28,La Reforma,MX,2021-07-24 18:34:32,25.0833,-108.05,95.25,53,2,11.56,clear sky
29,Pevek,RU,2021-07-24 18:32:01,69.7008,170.3133,36.88,93,100,9.64,overcast clouds
30,Saint-Philippe,RE,2021-07-24 18:34:34,-21.3585,55.7679,69.39,77,47,6.29,light rain
31,Xining,CN,2021-07-24 18:34:35,36.6167,101.7667,65.1,88,100,1.72,overcast clouds
32,Mahebourg,MU,2021-07-24 18:34:36,-20.4081,57.7,70.09,83,75,5.75,light intensity shower rain
33,Sovetskaya Gavan,RU,2021-07-24 18:32:11,48.9723,140.2878,66.47,95,80,2.64,broken clouds
34,Castro,BR,2021-07-24 18:34:39,-24.7911,-50.0119,69.6,48,0,4.7,clear sky
35,Ushuaia,AR,2021-07-24 18:34:40,-54.8,-68.3,40.62,81,40,3.44,light rain
36,Talcahuano,CL,2021-07-24 18:34:41,-36.7167,-73.1167,55.08,67,75,11.5,broken clouds
37,Bluff,NZ,2021-07-24 18:31:22,-46.6,168.3333,40.8,74,100,10.76,overcast clouds
38,San Cristobal,VE,2021-07-24 18:34:44,7.7669,-72.225,82.58,57,100,6.4,overcast clouds
39,Kluang,MY,2021-07-24 18:34:45,2.0251,103.3328,82.13,86,93,2.62,overcast clouds
40,Hithadhoo,MV,2021-07-24 18:32:08,-0.6,73.0833,82.17,78,13,12.48,few clouds
41,Mishan,CN,2021-07-24 18:34:47,45.55,131.8833,72.18,83,55,3.44,broken clouds
42,Atuona,PF,2021-07-24 18:34:48,-9.8,-139.0333,78.31,69,82,16.37,broken clouds
43,Georgetown,MY,2021-07-24 18:31:45,5.4112,100.3354,84.88,84,20,0.0,few clouds
44,Prince Rupert,CA,2021-07-24 18:34:50,54.3161,-130.3201,57.29,91,90,5.75,light rain
45,Aykhal,RU,2021-07-24 18:33:37,66.0,111.5,57.74,58,4,7.56,clear sky
46,Lasa,IT,2021-07-24 18:34:52,46.6166,10.7002,76.91,92,27,5.14,scattered clouds
47,Beringovskiy,RU,2021-07-24 18:31:23,63.05,179.3167,51.6,90,100,8.48,overcast clouds
48,Busselton,AU,2021-07-24 18:30:56,-33.65,115.3333,56.08,72,100,15.64,overcast clouds
49,Norman Wells,CA,2021-07-24 18:32:40,65.282,-126.8329,62.64,45,40,12.66,scattered clouds
50,Thompson,CA,2021-07-24 18:34:55,55.7435,-97.8558,68.16,68,75,11.5,broken clouds
51,Gat,IL,2021-07-24 18:34:56,31.61,34.7642,82.81,100,0,4.32,clear sky
52,Byron Bay,AU,2021-07-24 18:34:57,-28.65,153.6167,55.71,58,1,9.51,clear sky
53,Rikitea,PF,2021-07-24 18:34:58,-23.1203,-134.9692,69.03,53,0,1.59,clear sky
54,Nikolskoye,RU,2021-07-24 18:32:17,59.7035,30.7861,64.29,65,11,2.8,few clouds
55,Bako,ET,2021-07-24 18:35:01,5.7833,36.5667,60.94,91,100,3.15,overcast clouds
56,Yuanping,CN,2021-07-24 18:35:02,38.7153,112.7575,69.57,85,2,0.81,clear sky
57,Port Augusta,AU,2021-07-24 18:35:04,-32.5,137.7667,49.71,78,20,7.38,few clouds
58,Lasem,ID,2021-07-24 18:35:05,-6.6922,111.4527,73.94,82,0,6.89,clear sky
59,Pimentel,PE,2021-07-24 18:35:06,-6.8367,-79.9342,71.89,75,75,5.99,broken clouds
60,Kodiak,US,2021-07-24 18:34:43,57.79,-152.4072,54.91,88,90,4.61,overcast clouds
61,Collie,AU,2021-07-24 18:35:08,-33.3667,116.15,53.98,94,58,7.14,broken clouds
62,Carutapera,BR,2021-07-24 18:35:10,-1.195,-46.02,79.2,85,100,9.26,overcast clouds
63,Hermanus,ZA,2021-07-24 18:34:28,-34.4187,19.2345,54.63,59,19,2.35,few clouds
64,Lorengau,PG,2021-07-24 18:31:06,-2.0226,147.2712,80.74,76,5,6.98,clear sky
65,Virden,US,2021-07-24 18:31:59,39.5009,-89.7679,92.05,68,5,8.93,clear sky
66,Port-Cartier,CA,2021-07-24 18:35:13,50.0334,-66.8654,65.75,62,1,8.43,clear sky
67,Leningradskiy,RU,2021-07-24 18:35:14,69.3833,178.4167,37.62,93,100,5.44,overcast clouds
68,Qaanaaq,GL,2021-07-24 18:35:15,77.484,-69.3632,41.76,65,95,0.31,overcast clouds
69,Arman,RU,2021-07-24 18:35:16,59.7,150.1667,53.8,95,100,4.25,overcast clouds
70,Port Hedland,AU,2021-07-24 18:34:53,-20.3167,118.5667,59.05,72,10,9.22,clear sky
71,Okha,RU,2021-07-24 18:35:18,53.5739,142.9478,60.98,99,95,9.86,overcast clouds
72,Majene,ID,2021-07-24 18:35:19,-3.5403,118.9707,74.88,90,27,10.0,scattered clouds
73,Anadyr,RU,2021-07-24 18:35:20,64.75,177.4833,55.9,100,90,5.99,light rain
74,Kloulklubed,PW,2021-07-24 18:35:21,7.0419,134.2556,82.9,79,100,6.04,overcast clouds
75,Chala,TZ,2021-07-24 18:35:24,-7.5833,31.2667,57.18,46,16,6.02,few clouds
76,Tasiilaq,GL,2021-07-24 18:35:25,65.6145,-37.6368,42.96,98,100,2.13,light rain
77,Narsaq,GL,2021-07-24 18:34:26,60.9167,-46.05,48.42,88,97,6.15,overcast clouds
78,Bonfim,BR,2021-07-24 18:35:27,3.0833,-59.95,88.29,56,85,7.76,overcast clouds
79,Adre,TD,2021-07-24 18:35:28,13.4667,22.2,75.07,78,100,6.89,overcast clouds
80,Arraial Do Cabo,BR,2021-07-24 18:35:29,-22.9661,-42.0278,76.96,57,0,24.16,clear sky
81,Sena Madureira,BR,2021-07-24 18:35:30,-9.0656,-68.6569,98.69,25,0,1.72,clear sky
82,Iqaluit,CA,2021-07-24 18:35:31,63.7506,-68.5145,51.53,81,90,13.0,light rain
83,Harper,LR,2021-07-24 18:35:33,4.375,-7.7169,76.41,69,93,5.84,overcast clouds
84,Sao Pedro Do Sul,BR,2021-07-24 18:35:34,-29.6206,-54.1789,83.05,54,26,5.14,scattered clouds
85,Verkhoyansk,RU,2021-07-24 18:35:35,67.5447,133.385,60.26,73,100,5.75,overcast clouds
86,Kachug,RU,2021-07-24 18:35:36,53.9606,105.8817,55.44,79,7,3.42,clear sky
87,Carahue,CL,2021-07-24 18:35:37,-38.7,-73.1667,53.8,60,100,4.43,overcast clouds
88,Pathein,MM,2021-07-24 18:35:38,16.7833,94.7333,79.12,92,100,7.16,overcast clouds
89,Mar Del Plata,AR,2021-07-24 18:35:03,-38.0023,-57.5575,53.01,64,0,15.99,clear sky
90,Plettenberg Bay,ZA,2021-07-24 18:35:39,-34.0527,23.3716,53.64,46,94,4.83,overcast clouds
91,Barrow,US,2021-07-24 18:35:02,71.2906,-156.7887,41.02,93,90,0.0,overcast clouds
92,Padang,ID,2021-07-24 18:35:41,-0.9492,100.3543,77.43,84,84,3.71,broken clouds
93,Hobart,AU,2021-07-24 18:34:22,-42.8794,147.3294,46.26,73,100,4.0,overcast clouds
94,Richards Bay,ZA,2021-07-24 18:35:43,-28.783,32.0377,56.43,76,58,4.05,broken clouds
95,Lumeje,AO,2021-07-24 18:35:45,-11.55,20.7833,67.42,33,0,6.02,clear sky
96,Hamilton,US,2021-07-24 18:34:14,39.1834,-84.5333,89.6,58,1,1.01,clear sky
97,Ribeira Grande,PT,2021-07-24 18:35:47,38.5167,-28.7,73.8,94,75,16.11,broken clouds
98,Cidreira,BR,2021-07-24 18:35:49,-30.1811,-50.2056,66.09,57,0,6.17,clear sky
99,North Bend,US,2021-07-24 18:35:50,43.4065,-124.2243,79.95,79,1,17.27,clear sky
100,Iranshahr,IR,2021-07-24 18:35:51,27.2025,60.6848,86.34,51,75,6.91,broken clouds
101,Road Town,VG,2021-07-24 18:35:52,18.4167,-64.6167,82.2,89,40,17.27,scattered clouds
102,Laguna,US,2021-07-24 18:34:30,38.421,-121.4238,101.43,42,1,1.01,clear sky
103,New Norfolk,AU,2021-07-24 18:35:54,-42.7826,147.0587,41.72,87,100,8.59,overcast clouds
104,Vila Velha,BR,2021-07-24 18:34:10,-20.3297,-40.2925,75.15,60,40,9.22,scattered clouds
105,Port Elizabeth,ZA,2021-07-24 18:35:56,-33.918,25.5701,57.49,72,0,11.5,clear sky
106,Robertson,US,2021-07-24 18:35:57,36.5167,-86.8667,93.72,56,1,0.0,clear sky
107,Touros,BR,2021-07-24 18:35:58,-5.1989,-35.4608,86.9,53,10,19.64,clear sky
108,Abaza,RU,2021-07-24 18:32:11,52.655,90.0928,64.29,97,100,3.38,light rain
109,Okakarara,NA,2021-07-24 18:36:00,-20.5833,17.4333,50.31,16,0,6.82,clear sky
110,Port Huron,US,2021-07-24 18:33:20,42.9709,-82.4249,87.15,80,40,10.0,scattered clouds
111,Upernavik,GL,2021-07-24 18:36:02,72.7868,-56.1549,39.45,88,100,5.86,overcast clouds
112,Vardo,NO,2021-07-24 18:32:24,70.3705,31.1107,46.31,84,100,28.05,overcast clouds
113,Lakatoro,VU,2021-07-24 18:36:05,-16.0999,167.4164,79.18,81,96,5.3,moderate rain
114,Half Moon Bay,US,2021-07-24 18:36:06,37.4636,-122.4286,87.82,68,20,5.75,few clouds
115,Dikson,RU,2021-07-24 18:31:43,73.5069,80.5464,38.64,95,100,27.72,overcast clouds
116,Bethel,US,2021-07-24 18:33:58,41.3712,-73.414,85.08,48,40,5.75,scattered clouds
117,Chokurdakh,RU,2021-07-24 18:36:08,70.6333,147.9167,39.22,79,7,14.14,clear sky
118,Hansi,IN,2021-07-24 18:36:09,29.1,75.9667,91.63,57,100,6.53,overcast clouds
119,Sciacca,IT,2021-07-24 18:36:10,37.5082,13.0881,86.04,52,0,3.49,clear sky
120,Olinda,BR,2021-07-24 18:36:11,-8.0089,-34.8553,76.73,61,40,16.11,scattered clouds
121,Riyadh,SA,2021-07-24 18:31:33,24.6877,46.7219,102.34,13,0,8.88,clear sky
122,Muroto,JP,2021-07-24 18:36:13,33.2833,134.15,77.52,83,100,9.22,overcast clouds
123,Derzhavinsk,KZ,2021-07-24 18:36:14,51.1,66.3167,76.39,56,100,7.61,overcast clouds
124,Alyangula,AU,2021-07-24 18:36:16,-13.8483,136.4192,69.67,100,90,0.0,mist
125,Arlit,NE,2021-07-24 18:36:17,18.7369,7.3853,101.46,22,100,8.72,overcast clouds
126,Khatanga,RU,2021-07-24 18:33:04,71.9667,102.5,56.55,88,64,8.79,broken clouds
127,Carnarvon,AU,2021-07-24 18:36:19,-24.8667,113.6333,62.67,72,90,10.36,overcast clouds
128,Lebu,CL,2021-07-24 18:31:52,-37.6167,-73.65,53.35,69,96,13.69,overcast clouds
129,Geraldton,AU,2021-07-24 18:36:21,-28.7667,114.6,55.81,88,90,10.36,overcast clouds
130,Tuatapere,NZ,2021-07-24 18:36:22,-46.1333,167.6833,40.82,80,100,7.07,overcast clouds
131,Rabo De Peixe,PT,2021-07-24 18:36:23,37.8,-25.5833,73.27,81,9,8.99,clear sky
132,Tiksi,RU,2021-07-24 18:36:24,71.6872,128.8694,40.03,86,26,5.5,scattered clouds
133,Foumban,CM,2021-07-24 18:36:25,5.7291,10.9001,64.0,95,69,1.99,moderate rain
134,Saint George,US,2021-07-24 18:36:27,37.1041,-113.5841,87.71,45,100,2.37,overcast clouds
135,Praia Da Vitoria,PT,2021-07-24 18:36:28,38.7333,-27.0667,80.85,69,40,14.41,scattered clouds
136,Kapenguria,KE,2021-07-24 18:36:30,1.2511,35.0895,58.57,78,100,4.56,overcast clouds
137,Roma,US,2021-07-24 18:36:31,43.2128,-75.4557,76.71,62,100,7.29,overcast clouds
138,Kuching,MY,2021-07-24 18:31:51,1.55,110.3333,79.02,94,20,1.14,few clouds
139,Bengkulu,ID,2021-07-24 18:33:48,-3.8004,102.2655,75.38,88,7,3.78,clear sky
140,Takab,IR,2021-07-24 18:36:33,36.4009,47.1133,76.12,19,0,5.59,clear sky
141,Ratnagiri,IN,2021-07-24 18:36:34,16.9833,73.3,79.48,88,100,13.82,overcast clouds
142,Bubaque,GW,2021-07-24 18:32:05,11.2833,-15.8333,79.27,74,99,2.53,light rain
143,Sadiqabad,PK,2021-07-24 18:36:36,28.3062,70.1307,98.4,38,6,12.71,clear sky
144,Hafizabad,PK,2021-07-24 18:36:37,32.0679,73.6854,96.08,43,7,8.75,clear sky
145,Avarua,CK,2021-07-24 18:34:50,-21.2078,-159.775,69.85,88,13,3.44,few clouds
146,Valente,BR,2021-07-24 18:36:39,-11.4122,-39.4619,68.65,85,100,11.1,overcast clouds
147,Mehamn,NO,2021-07-24 18:36:40,71.0357,27.8492,44.78,87,100,25.28,overcast clouds
148,Auki,SB,2021-07-24 18:36:41,-8.7676,160.7034,77.04,86,99,3.98,overcast clouds
149,Haines Junction,CA,2021-07-24 18:36:42,60.7522,-137.5108,58.95,58,62,4.61,broken clouds
150,Thyboron,DK,2021-07-24 18:36:43,56.6985,8.2124,75.18,74,0,12.48,clear sky
151,Bereznik,RU,2021-07-24 18:36:44,62.8551,42.7072,50.59,65,94,4.92,light rain
152,Matagami,CA,2021-07-24 18:32:33,49.7502,-77.6328,71.71,60,1,16.11,clear sky
153,Vao,NC,2021-07-24 18:32:42,-22.6667,167.4833,71.02,83,1,6.46,clear sky
154,Bandarbeyla,SO,2021-07-24 18:32:51,9.4942,50.8122,77.74,74,22,29.57,few clouds
155,Kuytun,RU,2021-07-24 18:36:45,54.3419,101.5036,56.39,78,0,2.59,clear sky
156,Villarrica,PY,2021-07-24 18:36:46,-25.75,-56.4333,89.35,24,0,9.33,clear sky
157,Fortuna,US,2021-07-24 18:36:46,40.5982,-124.1573,85.42,80,1,11.5,clear sky
158,Namibe,AO,2021-07-24 18:36:47,-15.1961,12.1522,66.27,86,1,4.27,clear sky
159,Owando,CG,2021-07-24 18:36:47,-0.4819,15.8999,81.95,42,100,0.94,overcast clouds
160,Nanortalik,GL,2021-07-24 18:36:48,60.1432,-45.2371,43.45,97,100,13.69,overcast clouds
161,Souillac,MU,2021-07-24 18:38:00,-20.5167,57.5167,70.18,83,75,5.75,light intensity shower rain
162,Gambela,ET,2021-07-24 18:38:00,8.25,34.5833,70.41,93,100,2.01,overcast clouds
163,Singkang,MY,2021-07-24 18:34:31,2.1006,102.7994,76.89,86,44,3.15,scattered clouds
164,Dzhebariki-Khaya,RU,2021-07-24 18:38:01,62.2167,135.8,59.7,99,100,5.53,moderate rain
165,Yellowknife,CA,2021-07-24 18:37:37,62.456,-114.3525,55.33,57,75,8.05,broken clouds
166,Dunn,US,2021-07-24 18:38:01,44.95,-91.8835,87.35,63,0,9.22,clear sky
167,Kindersley,CA,2021-07-24 18:38:02,51.4668,-109.1682,77.02,29,1,8.05,clear sky
168,Guane,CU,2021-07-24 18:38:02,22.2025,-84.0875,90.91,52,74,0.72,broken clouds
169,Yumen,CN,2021-07-24 18:38:02,40.2833,97.2,76.48,51,94,10.11,overcast clouds
170,Port Alfred,ZA,2021-07-24 18:38:03,-33.5906,26.891,56.05,74,0,21.12,clear sky
171,Skagen,DK,2021-07-24 18:38:03,57.7209,10.5839,67.89,73,27,7.27,scattered clouds
172,Qinhuangdao,CN,2021-07-24 18:38:04,39.9317,119.5883,74.07,87,17,3.09,few clouds
173,Albany,US,2021-07-24 18:35:33,42.6001,-73.9662,83.62,47,56,1.99,broken clouds
174,Vangaindrano,MG,2021-07-24 18:38:06,-23.35,47.6,65.62,67,99,13.27,overcast clouds
175,Provideniya,RU,2021-07-24 18:33:35,64.3833,-173.3,46.99,98,100,11.63,light rain
176,Nova Soure,BR,2021-07-24 18:38:08,-11.2333,-38.4833,74.32,84,67,13.2,broken clouds
177,Fairbanks,US,2021-07-24 18:35:03,64.8378,-147.7164,60.76,93,90,1.99,light rain
178,Ponta Do Sol,PT,2021-07-24 18:33:46,32.6667,-17.1,78.71,72,0,5.06,clear sky
179,Quatre Cocos,MU,2021-07-24 18:38:12,-20.2078,57.7625,69.91,80,33,9.33,scattered clouds
180,Desa,RO,2021-07-24 18:38:13,43.8667,23.0333,70.59,46,3,7.78,clear sky
181,Kahului,US,2021-07-24 18:38:14,20.8947,-156.47,79.86,89,40,19.57,scattered clouds
182,Jiwani,PK,2021-07-24 18:38:16,25.05,61.7417,82.69,84,100,11.18,overcast clouds
183,Ozernovskiy,RU,2021-07-24 18:38:17,51.5,156.5167,54.66,97,97,2.51,overcast clouds
184,Talnakh,RU,2021-07-24 18:38:18,69.4865,88.3972,50.99,75,100,5.17,light rain
185,Constitucion,CL,2021-07-24 18:38:19,-35.3333,-72.4167,52.5,87,100,11.7,overcast clouds
186,Lieksa,FI,2021-07-24 18:38:20,63.3167,30.0167,59.43,61,92,4.05,overcast clouds
187,Sicamous,CA,2021-07-24 18:38:21,50.8331,-118.9856,89.49,31,3,4.72,clear sky
188,Acarau,BR,2021-07-24 18:38:22,-2.8856,-40.12,84.29,58,49,18.52,scattered clouds
189,Dalvik,IS,2021-07-24 18:38:23,65.9702,-18.5286,64.33,89,100,2.71,overcast clouds
190,Les Cayes,HT,2021-07-24 18:33:26,18.2,-73.75,86.95,64,100,10.16,overcast clouds
191,Sur,OM,2021-07-24 18:33:46,22.5667,59.5289,90.81,59,100,12.88,overcast clouds
192,Rio Grande,BR,2021-07-24 18:33:36,-32.035,-52.0986,78.91,62,82,5.99,broken clouds
193,Esperance,AU,2021-07-24 18:38:26,-33.8667,121.9,49.84,80,4,18.59,clear sky
194,Omboue,GA,2021-07-24 18:34:09,-1.5746,9.2618,73.62,75,70,8.37,broken clouds
195,Poum,NC,2021-07-24 18:38:27,-20.2333,164.0167,71.91,82,7,7.38,clear sky
196,Itoman,JP,2021-07-24 18:38:28,26.1247,127.6694,80.98,96,75,16.11,mist
197,Labuhan,ID,2021-07-24 18:38:29,-6.8844,112.2051,73.33,84,5,7.36,clear sky
198,Pitsunda,GE,2021-07-24 18:38:30,43.1592,40.3378,73.58,78,5,4.36,clear sky
199,Tahta,EG,2021-07-24 18:38:31,26.7693,31.5021,91.51,17,0,8.88,clear sky
200,Brae,GB,2021-07-24 18:38:33,60.3964,-1.353,57.11,79,52,7.85,broken clouds
201,Manokwari,ID,2021-07-24 18:38:34,-0.8667,134.0833,78.22,73,100,2.28,overcast clouds
202,Zalantun,CN,2021-07-24 18:38:35,48.0,122.7167,63.27,86,0,3.38,clear sky
203,Bachaquero,VE,2021-07-24 18:38:37,9.9694,-71.1494,86.7,67,100,5.97,overcast clouds
204,Chimbote,PE,2021-07-24 18:34:48,-9.0853,-78.5783,67.42,73,36,9.19,scattered clouds
205,Santa Rosa,PH,2021-07-24 18:38:39,14.3122,121.1114,80.91,95,100,15.26,overcast clouds
206,Campos Do Jordao,BR,2021-07-24 18:34:42,-22.7394,-45.5914,72.95,26,0,0.18,clear sky
207,Suntar,RU,2021-07-24 18:38:41,62.1444,117.6319,59.13,81,6,6.15,clear sky
208,Miranda,CO,2021-07-24 18:38:42,3.2499,-76.2281,69.93,59,100,3.6,overcast clouds
209,Kirksville,US,2021-07-24 18:37:28,40.1948,-92.5833,92.05,62,1,9.22,clear sky
210,Koygorodok,RU,2021-07-24 18:38:44,60.445,50.9968,46.99,66,100,5.08,overcast clouds
211,Kysyl-Syr,RU,2021-07-24 18:38:46,63.8986,122.7617,59.79,68,6,7.87,clear sky
212,Kulykivka,UA,2021-07-24 18:38:47,51.3735,31.6466,66.22,75,72,3.56,broken clouds
213,Olkhovka,RU,2021-07-24 18:38:48,53.2115,60.6069,60.89,82,45,6.64,scattered clouds
214,Omsukchan,RU,2021-07-24 18:35:29,62.5333,155.8,50.92,92,100,5.32,overcast clouds
215,Bilma,NE,2021-07-24 18:33:56,18.6853,12.9164,89.89,36,100,12.55,overcast clouds
216,Clyde River,CA,2021-07-24 18:38:50,70.4692,-68.5914,35.83,93,90,14.97,overcast clouds
217,Ha Noi,VN,2021-07-24 18:38:43,21.0245,105.8412,82.4,87,50,0.83,scattered clouds
218,Inirida,CO,2021-07-24 18:38:52,3.8653,-67.9239,77.38,94,100,2.53,moderate rain
219,Shelburne,CA,2021-07-24 18:38:53,44.0787,-80.2041,69.76,83,100,15.61,moderate rain
220,Luderitz,NA,2021-07-24 18:38:54,-26.6481,15.1594,64.58,32,14,7.07,few clouds
221,Greensburg,US,2021-07-24 18:38:55,40.3015,-79.5389,84.94,62,40,1.01,scattered clouds
222,Charlestown,AU,2021-07-24 18:34:20,-32.95,151.6667,56.98,66,10,8.01,clear sky
223,Andros Town,BS,2021-07-24 18:38:58,24.7,-77.7667,85.96,63,100,4.97,overcast clouds
224,Mana,GF,2021-07-24 18:38:59,5.6592,-53.7767,81.05,86,99,10.94,moderate rain
225,Mount Gambier,AU,2021-07-24 18:39:00,-37.8333,140.7667,42.71,75,75,20.71,broken clouds
226,Lavrentiya,RU,2021-07-24 18:39:01,65.5833,-171.0,46.35,95,100,10.58,light rain
227,Bredasdorp,ZA,2021-07-24 18:39:02,-34.5322,20.0403,45.72,93,22,2.3,few clouds
228,Adjumani,UG,2021-07-24 18:39:04,3.3779,31.7909,66.92,96,100,4.97,light rain
229,Annau,TM,2021-07-24 18:39:05,37.8876,58.516,94.5,17,0,6.91,clear sky
230,Banda Aceh,ID,2021-07-24 18:39:06,5.5577,95.3222,80.64,74,100,12.71,overcast clouds
231,Merauke,ID,2021-07-24 18:39:07,-8.4667,140.3333,75.85,88,95,9.13,overcast clouds
232,Houma,US,2021-07-24 18:39:08,29.5958,-90.7195,96.01,63,40,10.36,scattered clouds
233,Pangody,RU,2021-07-24 18:39:09,65.85,74.4859,54.82,93,100,4.5,overcast clouds
234,Ketchikan,US,2021-07-24 18:38:28,55.3422,-131.6461,55.87,94,90,11.5,light rain
235,Torbay,CA,2021-07-24 18:35:33,47.6666,-52.7314,68.88,75,75,17.27,light rain
236,Samarai,PG,2021-07-24 18:39:11,-10.6167,150.6667,79.11,86,82,9.82,broken clouds
237,Shaunavon,CA,2021-07-24 18:39:13,49.6501,-108.4181,79.75,20,0,5.75,clear sky
238,Nome,US,2021-07-24 18:39:14,64.5011,-165.4064,47.16,93,90,5.75,overcast clouds
239,Sioux Lookout,CA,2021-07-24 18:39:15,50.1001,-91.917,80.98,50,90,14.97,smoke
240,Caravelas,BR,2021-07-24 18:39:17,-17.7125,-39.2481,74.53,59,54,9.91,broken clouds
241,Sharqpur,PK,2021-07-24 18:39:18,31.4633,74.1,87.93,45,13,6.06,few clouds
242,Soledad,CO,2021-07-24 18:39:20,10.9184,-74.7646,89.73,62,40,2.3,scattered clouds
243,Cabedelo,BR,2021-07-24 18:39:21,-6.9811,-34.8339,81.27,70,4,17.38,clear sky
244,Port Blair,IN,2021-07-24 18:39:23,11.6667,92.75,82.22,85,100,19.44,overcast clouds
245,Kavieng,PG,2021-07-24 18:39:25,-2.5744,150.7967,81.32,78,24,10.25,light rain
246,Isabela,PH,2021-07-24 18:39:26,6.7085,121.9711,80.65,88,100,4.92,overcast clouds
247,Svetlogorsk,BY,2021-07-24 18:39:27,52.6333,29.7333,68.05,68,100,1.3,overcast clouds
248,Ossora,RU,2021-07-24 18:39:28,59.2353,163.0719,56.88,89,100,4.59,overcast clouds
249,Sitka,US,2021-07-24 18:39:29,57.0531,-135.33,57.09,88,90,8.05,mist
250,Parabel,RU,2021-07-24 18:39:30,58.6978,81.4825,63.32,71,4,4.23,clear sky
251,Codrington,AU,2021-07-24 18:39:31,-38.2667,141.9667,43.66,72,77,21.83,broken clouds
252,Lompoc,US,2021-07-24 18:39:32,34.6391,-120.4579,85.01,73,40,6.91,scattered clouds
253,Esterhazy,CA,2021-07-24 18:39:33,50.65,-102.0843,77.85,23,0,21.36,clear sky
254,Savannah Bight,HN,2021-07-24 18:39:34,16.45,-85.85,87.85,73,85,1.86,overcast clouds
255,Sinnamary,GF,2021-07-24 18:39:35,5.3833,-52.95,81.7,81,100,11.14,heavy intensity rain
256,Arvika,SE,2021-07-24 18:39:36,59.6553,12.5852,68.5,51,21,3.85,few clouds
257,Linhai,CN,2021-07-24 18:39:37,28.85,121.1167,76.93,88,100,19.64,moderate rain
258,Marsh Harbour,BS,2021-07-24 18:39:38,26.5412,-77.0636,78.57,76,100,13.47,overcast clouds
259,Blagoveshchenka,RU,2021-07-24 18:39:40,52.8333,79.8667,67.39,76,15,3.04,few clouds
260,Ust-Nera,RU,2021-07-24 18:39:41,64.5667,143.2,58.41,99,100,7.36,moderate rain
261,Pisco,PE,2021-07-24 18:39:42,-13.7,-76.2167,68.05,68,20,11.5,few clouds
262,Uray,RU,2021-07-24 18:39:43,60.1247,64.7758,59.09,81,45,5.5,scattered clouds
263,Seymchan,RU,2021-07-24 18:39:44,62.8833,152.4333,58.84,78,100,3.58,overcast clouds
264,Varena,LT,2021-07-24 18:39:45,54.2167,24.5667,68.65,72,72,4.61,broken clouds
265,Alofi,NU,2021-07-24 18:39:46,-19.0595,-169.9187,71.49,100,3,1.14,clear sky
266,Dandong,CN,2021-07-24 18:39:47,40.1292,124.3947,71.76,85,40,1.81,scattered clouds
267,Saskylakh,RU,2021-07-24 18:39:29,71.9167,114.0833,56.61,57,100,6.26,overcast clouds
268,Flinders,AU,2021-07-24 18:39:49,-34.5833,150.8552,51.39,62,75,8.01,broken clouds
269,Maragheh,IR,2021-07-24 18:39:52,37.3917,46.2398,80.87,15,0,4.61,clear sky
270,Nanakuli,US,2021-07-24 18:39:53,21.3906,-158.1547,80.55,78,90,8.05,overcast clouds
271,Mineiros,BR,2021-07-24 18:39:54,-17.5694,-52.5511,85.21,23,0,6.62,clear sky
272,Kodinsk,RU,2021-07-24 18:39:55,58.6881,99.1844,63.39,67,0,2.39,clear sky
273,Siderno,IT,2021-07-24 18:39:56,38.2779,16.302,82.99,65,0,5.97,clear sky
274,Mercedes,AR,2021-07-24 18:39:57,-34.6515,-59.4307,64.02,65,100,14.74,overcast clouds
275,Gondar,ET,2021-07-24 18:39:58,12.6,37.4667,57.25,98,100,4.36,light rain
276,Hudson Bay,CA,2021-07-24 18:40:00,52.85,-102.3842,79.23,31,93,14.47,overcast clouds
277,Noumea,NC,2021-07-24 18:40:03,-22.2763,166.4572,70.0,99,3,4.14,clear sky
278,Hambantota,LK,2021-07-24 18:40:05,6.1241,81.1185,79.14,94,75,9.22,broken clouds
279,Vaitape,PF,2021-07-24 18:37:10,-16.5167,-151.75,77.58,73,14,15.3,light rain
280,Russell,US,2021-07-24 18:40:07,32.3502,-85.1999,95.14,37,7,3.8,clear sky
281,Puerto Baquerizo Moreno,EC,2021-07-24 18:40:08,-0.9,-89.6,73.22,74,40,11.32,scattered clouds
282,Shimanovsk,RU,2021-07-24 18:40:09,52.0,127.7,66.74,95,100,5.86,light rain
283,Krasnyy Chikoy,RU,2021-07-24 18:40:10,50.3643,108.7512,53.78,88,0,1.61,clear sky
284,Cabo San Lucas,MX,2021-07-24 18:39:51,22.8909,-109.9124,98.51,65,1,10.0,clear sky
285,Shipitsyno,RU,2021-07-24 18:40:12,61.2806,46.5208,51.6,59,100,6.11,overcast clouds
286,Bambous Virieux,MU,2021-07-24 18:40:13,-20.3428,57.7575,70.05,83,75,5.75,light intensity shower rain
287,Kruisfontein,ZA,2021-07-24 18:40:14,-34.0033,24.7314,48.88,49,0,6.85,clear sky
288,Xinxiang,CN,2021-07-24 18:40:15,35.3089,113.8672,76.86,79,4,3.33,clear sky
289,Shimoda,JP,2021-07-24 18:40:16,34.6667,138.95,75.99,85,1,8.08,clear sky
290,Dingle,PH,2021-07-24 18:40:17,10.9995,122.6711,78.12,86,99,11.74,overcast clouds
291,Barra Patuca,HN,2021-07-24 18:40:19,15.8,-84.2833,84.83,66,100,6.89,overcast clouds
292,Ihosy,MG,2021-07-24 18:40:20,-22.4,46.1167,56.84,83,60,10.2,broken clouds
293,Grand Gaube,MU,2021-07-24 18:40:22,-20.0064,57.6608,71.83,76,10,13.18,clear sky
294,Husavik,IS,2021-07-24 18:40:22,66.0449,-17.3389,64.31,82,89,6.49,overcast clouds
295,Nelson Bay,AU,2021-07-24 18:40:23,-32.7167,152.15,59.09,58,55,4.0,broken clouds
296,Yerbogachen,RU,2021-07-24 18:40:25,61.2767,108.0108,61.29,72,100,2.75,overcast clouds
297,Srednekolymsk,RU,2021-07-24 18:40:26,67.45,153.6833,47.44,69,100,12.97,overcast clouds
298,Urusha,RU,2021-07-24 18:40:27,54.05,122.9,56.14,98,100,3.38,light rain
299,Kununurra,AU,2021-07-24 18:40:28,-15.7667,128.7333,70.63,38,100,5.23,overcast clouds
300,Nova Olimpia,BR,2021-07-24 18:40:29,-14.7972,-57.2881,97.0,19,0,5.82,clear sky
301,Rio Gallegos,AR,2021-07-24 18:40:29,-51.6226,-69.2181,46.45,53,0,9.22,clear sky
302,Ostrovnoy,RU,2021-07-24 18:40:30,68.0531,39.5131,49.12,89,95,18.43,overcast clouds
303,Mirabad,AF,2021-07-24 18:40:30,30.4362,61.8383,99.73,9,0,21.7,clear sky
304,Nuuk,GL,2021-07-24 18:40:31,64.1835,-51.7216,43.41,81,75,6.91,broken clouds
305,Uzventis,LT,2021-07-24 18:40:31,55.7803,22.6547,69.87,70,1,3.36,clear sky
306,Gravdal,NO,2021-07-24 18:40:32,68.1214,13.5031,51.87,98,100,10.65,overcast clouds
307,Buala,SB,2021-07-24 18:40:32,-8.145,159.5921,79.66,84,78,7.63,moderate rain
308,Chapais,CA,2021-07-24 18:40:33,49.7834,-74.8492,77.95,30,100,15.14,overcast clouds
309,Bien Hoa,VN,2021-07-24 18:52:20,10.95,106.8167,82.38,88,100,12.01,overcast clouds
310,Babu,CN,2021-07-24 18:52:21,24.4167,111.5167,77.47,88,23,2.71,few clouds
311,Gewane,ET,2021-07-24 18:52:21,10.1664,40.6453,78.6,66,100,20.4,overcast clouds
312,Gayny,RU,2021-07-24 18:52:21,60.3071,54.3241,44.96,67,12,5.03,few clouds
313,Miramar,US,2021-07-24 18:52:22,25.9873,-80.2323,91.02,66,1,11.5,clear sky
314,Hovd,MN,2021-07-24 18:52:22,48.0056,91.6419,67.03,45,44,3.78,scattered clouds
315,Ust-Kuyga,RU,2021-07-24 18:52:23,70.0167,135.6,52.3,64,100,5.97,overcast clouds
316,Paro,BT,2021-07-24 18:52:23,27.4305,89.4133,63.28,96,82,1.54,broken clouds
317,Opuwo,NA,2021-07-24 18:51:43,-18.0607,13.84,60.76,14,0,8.43,clear sky
318,Muros,ES,2021-07-24 18:52:24,42.7762,-9.0603,71.15,83,24,2.82,few clouds
319,Birjand,IR,2021-07-24 18:52:24,32.8663,59.2211,84.67,8,0,13.8,clear sky
320,Mount Pleasant,US,2021-07-24 18:52:24,32.7941,-79.8626,89.01,60,1,1.99,clear sky
321,Eregli,TR,2021-07-24 18:52:25,37.5133,34.0467,68.13,35,0,2.8,clear sky
322,Phangnga,TH,2021-07-24 18:52:25,8.4509,98.5298,86.92,94,93,4.29,light rain
323,San-Pedro,CI,2021-07-24 18:52:26,4.7485,-6.6363,75.11,75,77,4.59,broken clouds
324,San Policarpo,PH,2021-07-24 18:52:26,12.1791,125.5072,80.71,78,100,10.69,overcast clouds
325,Mayo,US,2021-07-24 18:52:26,38.8876,-76.5119,88.93,55,90,5.01,overcast clouds
326,Dongying,CN,2021-07-24 18:52:27,37.4564,118.4856,78.85,69,80,6.46,broken clouds
327,Troitskoye,RU,2021-07-24 18:52:27,52.9821,84.6757,65.75,83,99,4.21,overcast clouds
328,Cerrito,CO,2021-07-24 19:02:55,6.8432,-72.694,58.77,88,100,0.4,overcast clouds
329,Bilibino,RU,2021-07-24 19:02:56,68.0546,166.4372,51.26,67,5,0.6,clear sky
330,Demyansk,RU,2021-07-24 19:02:56,57.643,32.466,55.94,68,57,1.54,broken clouds
331,Laurinburg,US,2021-07-24 19:02:57,34.7741,-79.4628,90.1,52,40,1.01,scattered clouds
332,Grants Pass,US,2021-07-24 19:02:57,42.439,-123.3284,88.36,36,1,0.0,clear sky
333,Berbera,SO,2021-07-24 19:02:58,10.4396,45.0143,89.37,41,100,22.17,light rain
334,Kandrian,PG,2021-07-24 19:02:59,-6.2167,149.55,77.65,90,37,3.02,scattered clouds
335,Kirakira,SB,2021-07-24 19:03:00,-10.4544,161.9205,79.18,86,100,5.75,overcast clouds
336,Kontagora,NG,2021-07-24 19:03:01,10.3999,5.4695,73.72,87,100,3.2,overcast clouds
337,Makinsk,KZ,2021-07-24 19:03:02,52.6292,70.4169,66.45,37,100,8.19,overcast clouds
338,Nhulunbuy,AU,2021-07-24 19:03:03,-12.2333,136.7667,66.81,88,43,0.0,scattered clouds
339,Cayenne,GF,2021-07-24 18:59:02,4.9333,-52.3333,75.24,94,75,0.0,broken clouds
340,Karratha,AU,2021-07-24 19:03:06,-20.7377,116.8463,69.75,48,100,4.92,overcast clouds
341,Cairns,AU,2021-07-24 19:03:07,-16.9167,145.7667,67.95,97,40,4.61,scattered clouds
342,Kaitangata,NZ,2021-07-24 19:03:08,-46.2817,169.8464,40.93,54,67,4.7,broken clouds
343,Iquitos,PE,2021-07-24 19:01:34,-3.7481,-73.2472,86.61,50,20,1.99,few clouds
344,Roald,NO,2021-07-24 19:03:10,62.5833,6.1333,69.85,88,90,5.75,overcast clouds
345,Okhotsk,RU,2021-07-24 19:03:12,59.3833,143.3,55.98,94,100,10.31,overcast clouds
346,Burnie,AU,2021-07-24 19:03:14,-41.0667,145.9167,41.92,68,48,18.92,scattered clouds
347,Galle,LK,2021-07-24 19:03:15,6.0367,80.217,78.93,88,98,8.3,overcast clouds
348,Esil,KZ,2021-07-24 19:03:16,51.9556,66.4042,70.21,71,100,8.21,overcast clouds
349,Lagoa,PT,2021-07-24 19:03:09,39.05,-27.9833,71.56,91,93,15.32,overcast clouds
350,Isiro,CD,2021-07-24 19:03:17,2.7739,27.616,67.28,93,89,1.01,overcast clouds
351,Xinglongshan,CN,2021-07-24 19:03:18,43.9561,125.4661,72.05,82,100,4.03,overcast clouds
352,Port Lincoln,AU,2021-07-24 19:03:19,-34.7333,135.8667,53.19,64,100,20.22,overcast clouds
353,Abu Samrah,SY,2021-07-24 19:03:20,35.3029,37.1841,82.27,51,73,12.64,broken clouds
354,Los Llanos De Aridane,ES,2021-07-24 19:02:11,28.6585,-17.9182,71.13,83,20,17.27,few clouds
355,Asyut,EG,2021-07-24 19:03:22,27.181,31.1837,87.96,22,0,9.62,clear sky
356,Shankargarh,IN,2021-07-24 19:03:23,25.1833,81.6167,83.93,78,1,10.89,clear sky
357,Asifabad,IN,2021-07-24 19:03:24,19.3667,79.2833,77.67,87,100,5.1,overcast clouds
358,Westport,US,2021-07-24 19:02:31,41.1415,-73.3579,86.07,55,1,1.01,clear sky
359,Seminole,US,2021-07-24 18:59:37,28.7086,-81.2081,94.5,69,91,1.01,overcast clouds
360,Antofagasta,CL,2021-07-24 18:59:42,-23.65,-70.4,61.88,71,35,11.61,scattered clouds
361,Morros,BR,2021-07-24 19:03:28,-9.4467,-46.3003,90.3,21,14,8.68,few clouds
362,Moroni,KM,2021-07-24 19:01:06,-11.7022,43.2551,73.54,78,69,21.83,light rain
363,Gorahun,SL,2021-07-24 19:03:30,7.4661,-11.2375,71.47,98,100,2.13,light rain
364,Baruun-Urt,MN,2021-07-24 19:03:31,46.6806,113.2792,60.8,59,4,7.65,clear sky
365,Cockburn Town,TC,2021-07-24 18:59:33,21.4612,-71.1419,87.76,66,40,16.11,scattered clouds
366,Champerico,GT,2021-07-24 19:03:33,14.3,-91.9167,92.77,72,100,6.17,overcast clouds
367,Itarema,BR,2021-07-24 19:02:03,-2.9248,-39.9167,83.59,58,43,17.67,scattered clouds
368,Khandbari,NP,2021-07-24 19:03:36,27.3747,87.2039,73.62,95,52,0.81,broken clouds
369,Benxi,CN,2021-07-24 19:03:37,41.2886,123.765,70.12,92,10,3.24,clear sky
370,Coihaique,CL,2021-07-24 19:03:38,-45.5752,-72.0662,42.73,64,100,2.66,overcast clouds
371,Nurota,UZ,2021-07-24 19:03:39,40.5614,65.6886,89.69,15,0,11.43,clear sky
372,Ponta Delgada,PT,2021-07-24 19:03:40,37.7333,-25.6667,74.12,83,20,16.11,few clouds
373,Joacaba,BR,2021-07-24 19:03:41,-27.1781,-51.5047,78.28,38,0,2.24,clear sky
374,Miri,MY,2021-07-24 19:03:42,4.4148,114.0089,79.12,88,77,2.42,broken clouds
375,Atikokan,CA,2021-07-24 19:03:43,48.7555,-91.6216,85.28,19,0,16.28,clear sky
376,Kirkwood,US,2021-07-24 19:03:21,38.5834,-90.4068,95.49,59,40,1.01,scattered clouds
377,Saint-Augustin,CA,2021-07-24 19:03:45,51.226,-58.6502,59.67,65,16,9.44,few clouds
378,Caceres,ES,2021-07-24 19:03:47,39.522,-6.3748,82.8,24,0,14.25,clear sky
379,Angoram,PG,2021-07-24 19:03:48,-4.0625,144.0661,72.21,100,100,2.48,overcast clouds
380,Dukat,RU,2021-07-24 19:03:49,62.55,155.55,50.63,89,100,4.54,overcast clouds
381,Trairi,BR,2021-07-24 19:03:34,-3.2778,-39.2689,83.53,57,29,14.0,scattered clouds
382,Kerema,PG,2021-07-24 19:03:50,-7.9631,145.7785,75.15,89,15,2.77,few clouds
383,Ponferrada,ES,2021-07-24 19:03:51,42.5466,-6.5962,72.28,59,19,10.0,few clouds
384,Lata,PT,2021-07-24 19:03:52,40.1629,-8.3327,77.04,65,55,7.99,broken clouds
385,Galeana,MX,2021-07-24 19:03:53,24.8333,-100.0667,79.05,31,5,5.28,clear sky
386,Ishigaki,JP,2021-07-24 19:00:02,24.3448,124.1572,84.25,85,100,28.52,overcast clouds
387,Rosarito,MX,2021-07-24 19:01:30,32.3333,-117.0333,84.58,72,99,8.72,overcast clouds
388,Trinidad,BO,2021-07-24 19:03:55,-14.8333,-64.9,94.15,26,0,7.72,clear sky
389,Nemuro,JP,2021-07-24 19:02:52,43.3236,145.575,61.47,98,100,8.79,overcast clouds
390,Uusikaupunki,FI,2021-07-24 19:03:57,60.8004,21.4084,64.92,70,24,3.85,few clouds
391,Montepuez,MZ,2021-07-24 19:03:58,-13.1256,38.9997,64.26,63,78,12.68,broken clouds
392,Vila Franca Do Campo,PT,2021-07-24 19:03:59,37.7167,-25.4333,73.81,76,9,8.34,clear sky
393,Chuy,UY,2021-07-24 19:04:00,-33.6971,-53.4616,61.88,75,89,5.68,overcast clouds
394,Bagotville,AU,2021-07-24 19:04:01,-28.9833,153.4167,56.64,59,0,6.29,clear sky
395,Lanxi,CN,2021-07-24 19:04:02,29.2195,119.477,76.96,87,100,12.15,light rain
396,Saint-Paul,RE,2021-07-24 19:04:03,-21.0096,55.2707,68.74,80,60,6.29,light rain
397,Seoni,IN,2021-07-24 19:04:04,22.0833,79.5333,73.69,92,100,11.81,overcast clouds
398,Xiaoweizhai,CN,2021-07-24 19:04:05,26.1903,107.5125,69.57,98,100,3.78,overcast clouds
399,Xuzhou,CN,2021-07-24 19:04:06,34.1805,117.1571,74.32,92,78,4.43,broken clouds
400,Hasaki,JP,2021-07-24 19:02:55,35.7333,140.8333,75.6,84,0,7.02,clear sky
401,Budureasa,RO,2021-07-24 19:04:09,46.6667,22.5,73.81,62,0,6.44,clear sky
402,Nador,MA,2021-07-24 19:04:10,35.174,-2.9287,89.85,22,0,12.66,clear sky
403,Linhares,BR,2021-07-24 19:04:11,-19.3911,-40.0722,75.54,47,11,10.2,few clouds
404,Jieshi,CN,2021-07-24 19:04:12,22.8134,115.8257,84.94,84,3,11.1,light rain
405,Pasni,PK,2021-07-24 19:04:13,25.2631,63.471,81.97,82,100,6.38,overcast clouds
406,San Andres,CO,2021-07-24 19:04:14,12.5847,-81.7006,81.91,79,100,16.6,overcast clouds
407,Rameshki,RU,2021-07-24 19:04:15,57.3439,36.0453,55.94,61,65,4.21,broken clouds
408,Abnub,EG,2021-07-24 19:04:16,27.2696,31.1511,88.02,23,0,9.6,clear sky
409,Katsuura,JP,2021-07-24 19:04:17,35.1333,140.3,80.11,85,3,8.12,clear sky
410,Dunedin,NZ,2021-07-24 18:59:34,-45.8742,170.5036,43.81,63,100,18.01,overcast clouds
411,Aitape,PG,2021-07-24 19:00:00,-3.1374,142.3475,75.15,92,100,3.47,overcast clouds
412,Carauari,BR,2021-07-24 19:04:19,-4.8828,-66.8958,88.36,56,49,2.39,scattered clouds
413,Beya,RU,2021-07-24 19:04:21,53.0533,90.9139,65.17,93,99,5.01,overcast clouds
414,Doha,QA,2021-07-24 19:02:20,25.2867,51.5333,94.98,71,0,12.66,clear sky
415,Aklavik,CA,2021-07-24 19:04:23,68.2191,-135.0107,54.97,72,100,6.96,moderate rain
416,Calabar,NG,2021-07-24 19:04:24,4.9517,8.322,74.1,91,97,5.64,light rain
417,San Alberto,CO,2021-07-24 19:04:25,7.7611,-73.3922,86.97,68,100,4.32,overcast clouds
418,Saint-Joseph,RE,2021-07-24 19:04:26,-21.3667,55.6167,67.21,78,54,7.18,light rain
419,Surami,GE,2021-07-24 19:04:27,42.0243,43.5556,64.38,97,76,2.28,broken clouds
420,Malartic,CA,2021-07-24 19:00:08,48.1335,-78.1328,64.22,68,100,12.8,overcast clouds
421,Yulara,AU,2021-07-24 19:04:29,-25.2406,130.9889,49.15,56,93,7.78,overcast clouds
422,Santa Flavia,IT,2021-07-24 19:04:31,38.085,13.5351,85.62,69,0,4.0,clear sky
423,Koungheul,SN,2021-07-24 19:04:33,13.9833,-14.8,90.34,46,79,5.66,broken clouds
424,Delta Del Tigre,UY,2021-07-24 19:04:34,-34.7633,-56.3853,66.61,68,0,8.05,clear sky
425,Vila,PT,2021-07-24 19:03:19,42.0304,-8.1588,62.74,74,6,4.97,clear sky
426,Rawson,AR,2021-07-24 19:04:36,-43.3002,-65.1023,51.55,34,99,19.3,overcast clouds
427,Sao Filipe,CV,2021-07-24 19:04:37,14.8961,-24.4956,75.0,73,58,8.66,broken clouds
428,Waipawa,NZ,2021-07-24 19:04:38,-41.4122,175.5153,46.02,88,2,7.72,clear sky
429,Swan Hill,AU,2021-07-24 19:04:40,-35.3378,143.5544,40.82,82,7,15.23,clear sky
430,Petropavlovsk-Kamchatskiy,RU,2021-07-24 19:02:52,53.0452,158.6483,52.39,100,90,4.47,fog
431,Wencheng,CN,2021-07-24 19:04:41,33.0559,113.7978,76.12,87,5,3.94,light rain
432,Puerto Escondido,MX,2021-07-24 19:01:24,15.85,-97.0667,88.95,60,99,11.07,overcast clouds
433,Caucaia,BR,2021-07-24 19:01:46,-3.7361,-38.6531,84.15,69,0,11.5,clear sky
434,Meulaboh,ID,2021-07-24 19:01:57,4.1363,96.1285,77.16,87,100,4.0,overcast clouds
435,La Ronge,CA,2021-07-24 19:01:41,55.1001,-105.2842,71.85,44,69,16.73,broken clouds
436,Martapura,ID,2021-07-24 19:04:44,-3.4167,114.85,73.49,94,20,3.44,few clouds
437,Salalah,OM,2021-07-24 19:02:21,17.0151,54.0924,77.68,92,100,6.42,overcast clouds
438,Manakara,MG,2021-07-24 19:04:46,-22.1333,48.0167,65.57,82,100,10.71,light rain
439,Sayyan,YE,2021-07-24 19:04:47,15.1718,44.3244,65.53,60,94,6.8,overcast clouds
440,Luang Prabang,LA,2021-07-24 19:04:48,19.8856,102.1347,73.72,100,100,1.77,overcast clouds
441,Coquimbo,CL,2021-07-24 19:00:39,-29.9533,-71.3436,55.44,74,100,5.46,overcast clouds
442,Zhanaozen,KZ,2021-07-24 19:04:50,43.3,52.8,83.93,49,0,19.64,clear sky
443,Qostanay,KZ,2021-07-24 19:04:51,53.1667,63.5833,63.32,96,83,7.96,broken clouds
444,Zhangzhou,CN,2021-07-24 19:04:53,24.5133,117.6556,78.26,90,98,3.56,overcast clouds
445,Kathmandu,NP,2021-07-24 19:01:55,27.7167,85.3167,75.42,94,75,2.3,broken clouds
446,Butterworth,MY,2021-07-24 19:04:55,5.3991,100.3638,84.99,82,20,0.0,few clouds
447,Olafsvik,IS,2021-07-24 19:04:56,64.8945,-23.7142,50.61,92,79,11.48,light rain
448,Bohunovice,CZ,2021-07-24 19:04:57,49.663,17.2869,76.77,65,86,6.51,overcast clouds
449,Letlhakeng,BW,2021-07-24 19:04:58,-24.0944,25.0298,45.55,45,0,8.55,clear sky
450,Neiafu,TO,2021-07-24 19:04:59,-18.65,-173.9833,77.68,88,40,4.61,light rain
451,Awjilah,LY,2021-07-24 19:01:09,29.1081,21.2869,86.31,29,0,14.03,clear sky
452,Spasskoye,RU,2021-07-24 19:05:01,44.6108,132.7969,71.47,76,85,5.86,overcast clouds
453,Pyay,MM,2021-07-24 19:05:02,18.8167,95.2167,77.43,88,95,3.78,overcast clouds
454,Dzerzhinsk,RU,2021-07-24 19:05:03,56.2389,43.4631,58.82,82,75,4.47,broken clouds
455,San Quintin,MX,2021-07-24 19:02:25,30.4833,-115.95,74.1,70,100,11.59,overcast clouds
456,Buta,CD,2021-07-24 19:05:05,2.7858,24.73,69.98,97,75,3.29,moderate rain
457,Palana,RU,2021-07-24 19:05:06,59.1167,159.9667,49.24,98,100,3.4,overcast clouds
458,Mahon,ES,2021-07-24 19:05:08,39.8885,4.2658,84.76,70,0,3.44,clear sky
459,Victoria,HK,2021-07-24 19:03:17,22.2855,114.1577,81.25,93,98,7.0,moderate rain
460,Kieta,PG,2021-07-24 19:05:10,-6.2167,155.6333,78.31,84,100,2.33,overcast clouds
461,Bereda,ES,2021-07-24 19:05:11,43.2686,-7.5406,65.57,100,40,4.74,scattered clouds
462,Vayalar,IN,2021-07-24 19:05:12,9.7,76.3333,76.98,87,23,6.33,few clouds
463,Seydi,TM,2021-07-24 19:05:14,39.4816,62.9137,91.51,10,0,11.14,clear sky
464,Gardez,AF,2021-07-24 19:05:15,33.5974,69.2259,73.02,42,0,3.53,clear sky
465,Segezha,RU,2021-07-24 19:05:16,63.7415,34.3222,55.81,62,100,6.76,overcast clouds
466,Jonkoping,SE,2021-07-24 19:05:17,57.7814,14.1562,73.11,68,75,3.44,broken clouds
467,Asau,RO,2021-07-24 19:02:02,46.4333,26.4,65.39,78,15,2.26,few clouds
468,Capoterra,IT,2021-07-24 19:05:19,39.1763,8.9718,81.57,74,0,11.5,clear sky
469,Toowoomba,AU,2021-07-24 19:05:20,-27.55,151.9667,44.26,82,7,7.0,clear sky
470,Salisbury,GB,2021-07-24 19:05:21,51.0693,-1.7957,70.45,86,41,2.95,scattered clouds
471,Nepa Nagar,IN,2021-07-24 19:05:22,21.4667,76.4,77.97,88,100,6.64,overcast clouds
472,Udomlya,RU,2021-07-24 19:05:23,57.8794,34.9925,56.84,59,78,4.45,broken clouds
473,Sampit,ID,2021-07-24 19:05:24,-2.5333,112.95,72.41,94,7,2.68,clear sky
474,Necochea,AR,2021-07-24 19:05:25,-38.5473,-58.7368,51.04,55,89,17.85,overcast clouds
475,Berdigestyakh,RU,2021-07-24 19:05:26,62.0989,126.6992,56.37,72,100,6.78,overcast clouds
476,Axim,GH,2021-07-24 19:05:27,4.8699,-2.2405,75.51,78,65,6.17,broken clouds
477,Krasnovishersk,RU,2021-07-24 19:05:29,60.4078,57.082,45.68,89,100,1.43,overcast clouds
478,Broken Hill,AU,2021-07-24 19:02:20,-31.95,141.4333,43.57,78,6,15.79,clear sky
479,Nouadhibou,MR,2021-07-24 19:05:31,20.931,-17.0347,68.4,93,1,17.49,clear sky
480,Ushtobe,KZ,2021-07-24 19:05:32,45.2514,77.9838,77.83,29,0,8.63,clear sky
481,Savannakhet,LA,2021-07-24 19:05:33,16.566,104.751,72.86,96,100,15.68,light rain
482,Angoche,MZ,2021-07-24 19:05:34,-16.2325,39.9086,70.61,64,100,17.78,light rain
483,Buchanan,LR,2021-07-24 19:05:36,5.8808,-10.0467,78.76,76,37,8.21,scattered clouds
484,Kalmunai,LK,2021-07-24 19:02:03,7.4167,81.8167,81.61,69,100,7.74,overcast clouds
485,Lima,PE,2021-07-24 19:01:52,-12.0432,-77.0282,62.13,83,14,11.72,few clouds
486,Maxixe,MZ,2021-07-24 19:05:39,-23.8597,35.3472,61.3,75,54,8.9,broken clouds
487,Vilhena,BR,2021-07-24 19:04:39,-12.7406,-60.1458,90.9,23,46,3.85,scattered clouds
488,Sairang,IN,2021-07-24 19:05:41,23.8,92.6667,74.88,98,100,2.86,overcast clouds
489,Gallup,US,2021-07-24 19:05:42,35.5281,-108.7426,75.96,56,75,1.99,broken clouds
490,Kodar,IN,2021-07-24 19:05:43,16.9833,79.9667,80.87,78,99,10.27,overcast clouds
491,Hirara,JP,2021-07-24 19:05:44,24.8,125.2833,83.61,84,100,29.19,light rain
492,Tsiroanomandidy,MG,2021-07-24 19:05:45,-18.7667,46.0333,66.33,45,100,0.47,overcast clouds
493,Barnstaple,GB,2021-07-24 19:05:46,51.0802,-4.0581,70.09,87,28,9.24,scattered clouds
494,Mahibadhoo,MV,2021-07-24 19:02:01,3.7833,72.9667,81.55,79,93,4.7,overcast clouds
495,Pangnirtung,CA,2021-07-24 19:05:35,66.1451,-65.7125,49.68,61,100,9.22,overcast clouds
496,Grand-Santi,GF,2021-07-24 19:05:48,4.25,-54.3833,77.65,93,100,3.15,overcast clouds
497,Pirovskoye,RU,2021-07-24 19:05:50,57.6267,92.2658,61.79,72,0,6.22,clear sky
498,Andijon,UZ,2021-07-24 19:05:51,40.7821,72.3442,82.26,19,0,7.09,clear sky
499,Praya,CV,2021-07-24 19:05:53,14.9215,-23.5087,79.34,57,75,10.36,broken clouds
500,Luanda,AO,2021-07-24 19:05:54,-8.8368,13.2343,70.72,85,0,11.9,clear sky
501,Bell Ville,AR,2021-07-24 19:05:55,-32.6259,-62.6887,71.11,49,0,2.55,clear sky
502,Inuvik,CA,2021-07-24 19:05:56,68.3499,-133.7218,58.53,60,100,1.66,light rain
503,Peniche,PT,2021-07-24 19:05:58,39.3558,-9.3811,72.88,81,6,10.04,clear sky
504,Tura,IN,2021-07-24 19:01:57,25.5198,90.2201,74.64,97,86,4.05,overcast clouds
505,Pasighat,IN,2021-07-24 19:06:00,28.0667,95.3333,78.57,96,100,2.64,overcast clouds
506,Pastavy,BY,2021-07-24 19:06:01,55.1168,26.8326,60.06,70,6,1.07,clear sky
507,Coatzintla,MX,2021-07-24 19:06:02,20.4833,-97.45,91.98,55,75,6.91,broken clouds
508,Sackville,CA,2021-07-24 19:06:03,45.9188,-64.3846,79.32,52,4,4.92,clear sky
509,Bitkine,TD,2021-07-24 19:06:04,11.9801,18.2138,81.64,61,57,2.59,broken clouds
510,Sept-Iles,CA,2021-07-24 19:06:05,50.2001,-66.3821,67.05,81,13,5.01,few clouds
511,Nha Trang,VN,2021-07-24 19:03:15,12.25,109.1833,86.0,67,81,5.14,broken clouds
512,Arys,KZ,2021-07-24 19:06:07,42.4252,68.795,86.22,17,0,8.12,clear sky
513,Matamoros,MX,2021-07-24 19:06:08,25.5333,-103.25,89.71,31,40,11.5,scattered clouds
514,Zhigansk,RU,2021-07-24 19:02:28,66.7697,123.3711,55.29,75,6,14.83,clear sky
515,Lapa,BR,2021-07-24 19:03:22,-25.7697,-49.7158,74.48,50,0,4.63,clear sky
516,Trofors,NO,2021-07-24 19:06:10,65.5333,13.4063,56.55,91,91,0.36,overcast clouds
517,Veraval,IN,2021-07-24 19:06:12,20.9,70.3667,82.22,83,95,17.49,overcast clouds
518,Sao Jose Da Coroa Grande,BR,2021-07-24 19:06:13,-8.8978,-35.1478,77.31,70,0,11.43,clear sky
519,Airai,TL,2021-07-24 19:06:14,-8.9266,125.4092,55.45,41,5,2.89,clear sky
520,Krutikha,RU,2021-07-24 19:06:15,53.9599,81.2093,61.95,76,20,2.33,few clouds
521,Contamana,PE,2021-07-24 19:06:18,-7.3333,-75.0167,95.95,28,6,0.87,clear sky
522,Kindia,GN,2021-07-24 19:06:19,10.0569,-12.8658,70.56,97,100,2.15,light rain
523,Aasiaat,GL,2021-07-24 19:03:11,68.7098,-52.8699,38.5,92,66,12.68,broken clouds
524,Marawi,PH,2021-07-24 19:06:21,7.9986,124.2928,73.65,90,18,6.69,few clouds
525,Gemena,CD,2021-07-24 19:06:22,3.25,19.7667,72.81,81,100,1.79,overcast clouds
526,Diglur,IN,2021-07-24 19:06:23,18.55,77.6,77.67,82,100,15.75,overcast clouds
527,Acajutla,SV,2021-07-24 19:06:24,13.5928,-89.8275,93.79,53,100,8.32,overcast clouds
528,Abha,SA,2021-07-24 19:06:25,18.2164,42.5053,66.45,83,20,5.75,few clouds
529,Kamyaran,IR,2021-07-24 19:06:26,34.7956,46.9355,80.42,19,0,3.44,clear sky
530,Santa Ines,BR,2021-07-24 19:06:27,-3.6667,-45.38,91.08,35,100,5.23,overcast clouds
531,Whitehorse,CA,2021-07-24 19:06:28,60.7161,-135.0538,62.1,51,100,5.01,overcast clouds
532,Moree,AU,2021-07-24 19:06:30,-29.4667,149.85,48.22,66,6,12.66,clear sky
533,Qaqortoq,GL,2021-07-24 19:06:31,60.7167,-46.0333,48.7,92,89,6.91,overcast clouds
534,Huangmei,CN,2021-07-24 19:05:33,30.1924,116.025,76.23,84,6,4.85,clear sky
535,The Valley,AI,2021-07-24 19:06:33,18.217,-63.0578,86.14,74,20,17.27,few clouds
536,Yar-Sale,RU,2021-07-24 19:06:34,66.8333,70.8333,51.49,76,0,8.97,clear sky
537,General Roca,AR,2021-07-24 19:06:35,-39.0333,-67.5833,52.52,28,85,8.21,overcast clouds
538,Oranjemund,NA,2021-07-24 19:06:36,-28.55,16.4333,64.29,24,10,4.9,clear sky
539,Hohhot,CN,2021-07-24 19:06:38,40.8106,111.6522,77.9,58,100,10.04,overcast clouds
540,Batemans Bay,AU,2021-07-24 19:06:39,-35.7167,150.1833,51.91,59,79,14.85,broken clouds
541,Ushirombo,TZ,2021-07-24 19:06:41,-3.4919,31.9639,70.18,34,5,3.8,clear sky
542,Kavali,IN,2021-07-24 19:06:11,14.9167,79.9833,86.7,60,46,16.64,scattered clouds
543,Porterville,US,2021-07-24 19:02:16,36.0652,-119.0168,100.67,12,74,4.85,broken clouds
544,Xai-Xai,MZ,2021-07-24 19:06:43,-25.0519,33.6442,61.05,75,29,9.6,light rain
545,Havre-Saint-Pierre,CA,2021-07-24 19:06:44,50.2334,-63.5986,61.39,80,22,11.32,few clouds
546,Stephenville,US,2021-07-24 19:06:45,32.2207,-98.2023,95.94,45,1,11.5,clear sky
547,Senanga,ZM,2021-07-24 19:02:13,-16.1167,23.2667,65.8,43,1,10.45,clear sky
548,Puerto Del Rosario,ES,2021-07-24 19:06:34,28.5004,-13.8627,78.55,61,20,19.57,few clouds
549,Neryungri,RU,2021-07-24 19:06:47,56.6709,124.6491,56.55,99,100,3.8,overcast clouds
550,Hay River,CA,2021-07-24 19:06:48,60.8156,-115.7999,51.03,68,100,7.16,overcast clouds
551,Homer,US,2021-07-24 19:06:49,59.6425,-151.5483,59.07,83,90,5.75,light rain
552,Komsomolskiy,UZ,2021-07-24 19:06:50,40.4272,71.7189,81.82,47,0,4.61,clear sky
553,Grindavik,IS,2021-07-24 19:02:20,63.8424,-22.4338,50.56,87,75,18.41,broken clouds
554,Svetlyy,RU,2021-07-24 19:06:52,54.675,20.1347,66.25,71,10,8.1,clear sky
555,Ancud,CL,2021-07-24 19:06:54,-41.8697,-73.8203,45.93,68,100,3.47,overcast clouds
556,Ipixuna,BR,2021-07-24 19:06:55,-1.7625,-48.8043,87.75,38,100,3.83,overcast clouds
557,Huesca,ES,2021-07-24 19:06:56,42.1362,-0.4087,82.09,32,0,7.0,clear sky
558,Kudahuvadhoo,MV,2021-07-24 19:06:57,2.6708,72.8944,82.76,75,100,7.61,overcast clouds
559,Meadow Lake,US,2021-07-24 19:06:37,34.8014,-106.5436,84.7,46,96,7.65,overcast clouds
560,Creel,MX,2021-07-24 19:06:59,27.75,-107.6333,72.77,41,23,8.14,few clouds
561,Wuwei,CN,2021-07-24 19:07:00,37.9281,102.6414,77.29,44,100,8.19,overcast clouds
562,Severodvinsk,RU,2021-07-24 19:07:02,64.5635,39.8302,51.91,69,100,7.11,overcast clouds
563,Aksarka,RU,2021-07-24 19:07:03,66.5606,67.7975,55.33,70,13,11.88,few clouds
564,Loiza,PR,2021-07-24 19:07:04,18.4313,-65.8802,88.59,94,90,5.75,mist
565,Lodja,CD,2021-07-24 19:07:05,-3.4833,23.4333,77.2,35,9,1.21,clear sky
566,Marrakesh,MA,2021-07-24 19:07:06,31.6315,-8.0083,100.47,28,75,5.75,broken clouds
567,Kabo,CF,2021-07-24 19:07:07,7.6994,18.629,72.14,93,61,2.71,broken clouds
568,Mogadishu,SO,2021-07-24 19:06:55,2.0371,45.3438,76.66,80,18,22.41,few clouds
569,Kidal,ML,2021-07-24 19:02:45,18.4411,1.4078,90.79,41,14,12.57,few clouds
570,Wabana,CA,2021-07-24 19:07:09,47.6332,-52.9481,69.69,82,61,3.0,broken clouds
571,Mandalgovi,MN,2021-07-24 19:07:10,45.7625,106.2708,65.01,72,78,6.98,broken clouds
572,Kagoro,NG,2021-07-24 19:07:11,9.6,8.3833,67.15,97,77,2.71,broken clouds
573,Shadegan,IR,2021-07-24 19:07:13,30.6497,48.6647,106.27,10,0,11.7,clear sky
574,Bialogard,PL,2021-07-24 19:07:14,54.007,15.9875,74.75,50,98,9.42,overcast clouds
575,Ixtapa,MX,2021-07-24 19:07:15,20.7,-105.2,88.23,66,40,8.05,scattered clouds
576,Dong Hoi,VN,2021-07-24 19:07:16,17.4833,106.6,79.23,86,100,10.45,moderate rain
577,Parati,BR,2021-07-24 19:07:18,-23.2178,-44.7131,75.85,50,0,3.74,clear sky
578,Saint-Pierre,RE,2021-07-24 19:04:39,-21.3393,55.4781,68.29,75,75,5.75,broken clouds
579,Bor,RU,2021-07-24 19:07:20,56.3567,44.0669,58.93,65,19,0.36,few clouds
580,Matay,EG,2021-07-24 19:07:21,28.419,30.7792,86.4,32,0,12.71,clear sky
581,Weinan,CN,2021-07-24 19:07:22,34.5036,109.5089,75.24,71,5,2.98,clear sky
582,Eureka,US,2021-07-24 19:03:26,40.8021,-124.1637,88.66,77,30,4.0,scattered clouds
583,Sakakah,SA,2021-07-24 19:07:24,29.9697,40.2064,92.32,25,0,11.34,clear sky
584,Vostok,RU,2021-07-24 19:07:26,46.4856,135.8833,69.69,83,78,4.23,broken clouds
585,Saint-Denis,FR,2021-07-24 19:07:27,48.9167,2.3333,70.75,81,75,12.66,mist
586,Palamos,ES,2021-07-24 19:07:28,41.8484,3.1291,82.38,44,6,9.71,clear sky
587,Saint Anthony,US,2021-07-24 19:06:17,45.0205,-93.218,92.14,44,1,1.99,clear sky
588,Sai Buri,TH,2021-07-24 19:07:30,6.7013,101.6168,77.83,88,100,5.06,overcast clouds
589,Teruel,ES,2021-07-24 19:07:31,40.6667,-0.6667,80.08,21,100,5.95,overcast clouds
590,Lardos,GR,2021-07-24 19:07:32,36.0942,28.0157,78.62,73,0,13.04,clear sky
591,Dawlatabad,AF,2021-07-24 19:07:33,36.4141,64.9053,89.46,12,0,8.97,clear sky
592,Along,IN,2021-07-24 19:07:34,28.1667,94.7667,77.18,99,100,1.45,overcast clouds
593,Siva,EG,2021-07-24 19:07:35,29.2041,25.5195,87.78,32,0,19.33,clear sky
594,Repatriacion,PY,2021-07-24 19:07:36,-25.5333,-55.95,86.43,28,0,8.79,clear sky
595,Cibitoke,BI,2021-07-24 19:07:37,-2.8833,29.25,67.71,50,97,2.28,overcast clouds
596,Dir,PK,2021-07-24 19:07:38,35.2058,71.8756,75.09,71,1,3.31,clear sky
597,Udachnyy,RU,2021-07-24 19:07:39,66.4167,112.4,59.81,49,14,7.09,few clouds
598,Sokolka,PL,2021-07-24 19:07:40,53.4072,23.5023,69.66,68,80,2.26,broken clouds
599,Portland,US,2021-07-24 19:07:34,45.5234,-122.6762,85.69,49,1,3.0,clear sky
600,Puertollano,ES,2021-07-24 19:07:42,38.6871,-4.1073,86.09,14,67,9.4,broken clouds
601,Guatire,VE,2021-07-24 19:07:43,10.4762,-66.5427,84.7,78,100,1.21,overcast clouds
602,Libato,PH,2021-07-24 19:07:44,13.8151,121.3346,77.61,92,100,6.38,overcast clouds
603,Zemio,CF,2021-07-24 19:07:25,5.0314,25.1361,70.59,88,98,1.34,overcast clouds
604,Mungwi,ZM,2021-07-24 19:07:47,-10.1732,31.3694,59.72,67,100,10.33,overcast clouds
605,Tautira,PF,2021-07-24 19:07:48,-17.7333,-149.15,78.82,72,4,9.37,clear sky
606,Margate,GB,2021-07-24 19:07:26,51.3813,1.3862,69.89,80,99,1.01,overcast clouds
607,Beira,MZ,2021-07-24 19:07:50,-19.8436,34.8389,67.37,66,18,16.64,light rain
608,Ndele,CF,2021-07-24 19:07:51,8.4109,20.6473,71.26,95,81,2.8,broken clouds
609,Aquiraz,BR,2021-07-24 19:07:52,-3.9014,-38.3911,84.29,62,36,10.78,scattered clouds
610,Araouane,ML,2021-07-24 19:03:04,18.9048,-3.5265,101.07,22,53,2.17,broken clouds
611,Girne,CY,2021-07-24 19:07:54,35.3417,33.3167,84.15,77,0,16.82,clear sky
612,Camabatela,AO,2021-07-24 19:07:55,-8.1881,15.375,67.59,26,0,5.3,clear sky
613,California City,US,2021-07-24 19:07:56,35.1258,-117.9859,98.01,12,1,5.01,clear sky
614,Dapaong,TG,2021-07-24 19:07:57,10.8639,0.205,78.94,66,95,3.76,light rain
615,Biak,ID,2021-07-24 19:07:58,-0.9131,122.8766,74.52,74,100,7.02,overcast clouds
616,Bay Roberts,CA,2021-07-24 19:07:59,47.5999,-53.2648,70.66,76,68,8.01,light rain
617,Zelenoborskiy,RU,2021-07-24 19:08:00,66.845,32.3622,55.89,74,100,6.44,overcast clouds
618,Enshi,CN,2021-07-24 19:08:01,30.3,109.4833,70.36,96,31,0.74,scattered clouds
619,Vilyuysk,RU,2021-07-24 19:08:02,63.7553,121.6247,58.68,72,0,7.76,clear sky
620,Luneburg,DE,2021-07-24 19:08:03,53.25,10.4,78.67,60,100,8.19,overcast clouds
621,Aginskoye,RU,2021-07-24 19:08:04,51.1,114.53,57.88,77,82,6.4,broken clouds
622,Mitsamiouli,KM,2021-07-24 19:08:05,-11.3847,43.2844,75.96,73,12,24.92,light rain
623,Yaan,NG,2021-07-24 19:08:07,7.3833,8.5667,72.91,90,100,3.0,overcast clouds
624,Lagoa Vermelha,BR,2021-07-24 19:03:37,-28.2086,-51.5258,73.04,47,0,3.89,clear sky
625,Mizdah,LY,2021-07-24 19:08:09,31.4451,12.9801,84.15,23,0,11.9,clear sky
626,Balikpapan,ID,2021-07-24 19:08:10,-1.2675,116.8289,76.14,85,87,6.93,overcast clouds
627,Sambava,MG,2021-07-24 19:08:11,-14.2667,50.1667,67.53,78,93,11.14,overcast clouds
628,Cicero Dantas,BR,2021-07-24 19:08:12,-10.6,-38.3833,74.28,71,88,12.82,overcast clouds
629,Yangambi,CD,2021-07-24 19:08:13,0.8102,24.4336,75.69,74,100,2.17,light rain
630,Port Hardy,CA,2021-07-24 19:08:14,50.6996,-127.4199,60.98,94,90,3.44,fog
631,Avera,US,2021-07-24 19:08:15,33.194,-82.5271,90.37,44,0,5.91,clear sky
632,Goure,NE,2021-07-24 19:08:16,13.9835,10.2704,87.03,56,91,7.99,overcast clouds
633,Ballina,AU,2021-07-24 19:08:17,-28.8667,153.5667,57.78,54,0,9.31,clear sky
634,Liptovsky Hradok,SK,2021-07-24 19:08:18,49.0396,19.7234,63.23,73,73,3.98,broken clouds
635,Berwick,US,2021-07-24 19:08:19,41.0545,-76.2333,85.84,51,100,7.34,overcast clouds
636,Boden,SE,2021-07-24 19:07:27,65.8252,21.6886,64.4,58,25,8.41,scattered clouds
637,Tabou,CI,2021-07-24 19:06:08,4.423,-7.3528,76.39,70,94,5.35,overcast clouds
638,Sola,VU,2021-07-24 19:08:21,-13.8833,167.55,79.99,77,41,10.36,scattered clouds
639,Yatou,CN,2021-07-24 19:08:22,37.15,122.3833,75.27,83,75,2.51,broken clouds
640,Casper,US,2021-07-24 19:08:23,42.8666,-106.3131,90.5,25,1,4.0,clear sky
641,San Juan Bautista,PE,2021-07-24 19:08:24,-14.0108,-75.7358,60.17,29,0,7.49,clear sky
642,Chipinge,ZW,2021-07-24 19:07:28,-20.1883,32.6236,50.86,62,59,7.81,broken clouds
643,Vallenar,CL,2021-07-24 19:08:26,-28.5708,-70.7581,56.68,61,12,3.24,few clouds
644,Moberly,US,2021-07-24 19:08:27,39.4184,-92.4382,93.24,72,1,4.0,clear sky
645,Benguela,AO,2021-07-24 19:08:29,-12.5763,13.4055,69.46,81,5,5.08,clear sky
646,Lazurne,UA,2021-07-24 19:08:30,46.084,32.5295,73.85,59,0,9.13,clear sky
647,Cuiluan,CN,2021-07-24 19:08:31,47.72,128.648,68.9,95,100,5.64,moderate rain
648,Te Anau,NZ,2021-07-24 19:08:32,-45.4167,167.7167,38.41,89,100,3.33,overcast clouds
649,Kholtoson,RU,2021-07-24 19:08:33,50.2981,103.3097,54.73,97,100,1.92,overcast clouds
650,Kiunga,PG,2021-07-24 19:08:34,-6.1219,141.2906,71.1,100,100,3.51,overcast clouds
651,Manadhoo,MV,2021-07-24 19:08:35,5.7667,73.3833,81.82,76,92,6.69,overcast clouds
652,Paamiut,GL,2021-07-24 19:08:25,61.994,-49.6678,42.31,97,87,7.9,overcast clouds
653,Pochutla,MX,2021-07-24 19:04:50,15.7432,-96.4661,91.22,52,100,5.41,overcast clouds
654,De Aar,ZA,2021-07-24 19:08:38,-30.6497,24.0123,40.15,20,0,5.61,clear sky
655,Peleduy,RU,2021-07-24 19:08:39,59.6289,112.7406,61.07,84,25,2.77,scattered clouds
656,Dubrovnik,HR,2021-07-24 19:04:54,42.6481,18.0922,76.64,69,0,5.75,clear sky
657,Najran,SA,2021-07-24 19:08:41,17.4924,44.1277,87.01,36,63,9.78,broken clouds
658,Esso,RU,2021-07-24 19:08:42,55.9333,158.7,59.65,91,83,1.14,broken clouds
659,Salinopolis,BR,2021-07-24 19:08:43,-0.6136,-47.3561,82.67,69,99,11.16,overcast clouds
660,Maitum,PH,2021-07-24 19:08:44,6.0392,124.4986,77.95,84,98,4.38,overcast clouds
661,Korem,ET,2021-07-24 19:08:45,12.5058,39.5228,59.41,80,100,1.54,moderate rain
662,Ayan,RU,2021-07-24 19:08:46,56.45,138.1667,57.04,97,100,8.66,overcast clouds
